-- phpMyAdmin SQL Dump
-- version 5.2.0
-- https://www.phpmyadmin.net/
--
-- Servidor: 127.0.0.1
-- Tiempo de generación: 22-11-2022 a las 02:46:24
-- Versión del servidor: 10.4.25-MariaDB
-- Versión de PHP: 7.4.30

SET SQL_MODE = "NO_AUTO_VALUE_ON_ZERO";
START TRANSACTION;
SET time_zone = "+00:00";


/*!40101 SET @OLD_CHARACTER_SET_CLIENT=@@CHARACTER_SET_CLIENT */;
/*!40101 SET @OLD_CHARACTER_SET_RESULTS=@@CHARACTER_SET_RESULTS */;
/*!40101 SET @OLD_COLLATION_CONNECTION=@@COLLATION_CONNECTION */;
/*!40101 SET NAMES utf8mb4 */;

--
-- Base de datos: `encuestauv`
--

-- --------------------------------------------------------

--
-- Estructura de tabla para la tabla `directivo`
--

CREATE TABLE `directivo` (
  `id_usuario` int(11) NOT NULL,
  `grado_estudios` varchar(35) NOT NULL,
  `cargo` varchar(50) NOT NULL,
  `lada` varchar(3) DEFAULT NULL,
  `telefono` varchar(10) DEFAULT NULL,
  `genero` varchar(10) CHARACTER SET utf8 COLLATE utf8_german2_ci NOT NULL
) ENGINE=MyISAM DEFAULT CHARSET=utf8;

--
-- Volcado de datos para la tabla `directivo`
--

INSERT INTO `directivo` (`id_usuario`, `grado_estudios`, `cargo`, `lada`, `telefono`, `genero`) VALUES
(1, 'licenciatura', '', '', '', ''),
(2, 'licenciatura', '', '', '', ''),
(3, 'licenciatura', 'Jefa', '271', '1534210', 'femenino'),
(4, 'doctorado', 'Profesor Tiempo Completo', '644', '090978', 'femenino'),
(14, 'licenciatura', '', '', '2711534210', ''),
(15, 'licenciatura', 'GERENTE', '271', '1073562', 'masculino'),
(16, 'licenciatura', 'Contador', '55', '37233852', 'femenino'),
(17, 'doctorado', 'Dirección ', '272', '721391016', 'masculino'),
(18, 'licenciatura', 'Administrador unico', '272', '27232621', 'masculino'),
(19, 'maestria', 'Director ', '271', '2225361915', 'masculino'),
(20, 'maestria', 'Gerente de Finanzas', '271', '7148484', 'masculino'),
(21, 'maestria', 'Gerente de Finanzas', '271', '7148484', 'masculino'),
(22, 'licenciatura', '', '', '', 'femenino'),
(23, 'licenciatura', 'Auxiliar Administrativo', '271', '1152576', 'masculino'),
(24, 'licenciatura', 'AUXILIAR ADMINISTRATIVO ', '044', '2721315267', 'femenino'),
(25, 'licenciatura', 'DIRECTOR', '272', '1052094', 'masculino'),
(26, 'licenciatura', 'Gerente', '272', '1546635', 'masculino'),
(27, 'licenciatura', 'Administración ', '+52', '2721821930', 'masculino'),
(28, 'licenciatura', 'Dueño', '272', '7205319', 'femenino'),
(29, 'Preparatoria', 'ADMINISTRATIVO', '272', '1817571', 'femenino'),
(30, 'Preparatoria', '', '', '', ''),
(31, 'Preparatoria', 'Jefe ', '272', '1549823', 'femenino'),
(32, 'licenciatura', 'Pqe ', '', '', 'masculino'),
(33, 'maestria', 'coordinador H&S', '272', '1160315', 'masculino'),
(34, 'licenciatura', 'Gerente general ', '044', '2721580182', 'masculino'),
(35, 'licenciatura', 'Coordinador Cursos Talleres Seminarios y Diplomado', '', '2711040116', 'masculino'),
(36, 'maestria', 'GERENTE COMERCIAL', '272', '1295333', 'masculino'),
(37, 'licenciatura', 'Coordinador ', '287', '2871341522', 'masculino'),
(38, 'licenciatura', 'Consultor', '55', '21885525', 'masculino'),
(39, 'maestria', 'Contralor', '274', '7480726', 'masculino'),
(40, 'licenciatura', 'GERENTE', '272', '7428666', 'masculino'),
(41, 'licenciatura', 'Reclutamiento y Selección', '272', '1700925', 'masculino'),
(42, 'licenciatura', 'EMT', '271', '7042422', 'masculino'),
(43, 'doctorado', 'ADMINISTRATIVO', '', '', 'masculino'),
(44, 'Licenciatura', '', '', '21885525', ''),
(45, 'Maestria', '', '', '2711139298', 'Masculino'),
(46, 'Doctorado', 'consultor', '272', '1418901', 'Masculino'),
(47, 'Licenciatura', 'xxxx', '271', '1726330', 'Masculino'),
(48, 'Maestria', 'Docente', '273', '1157657', 'Femenino'),
(49, 'Licenciatura', '', '', '', ''),
(50, 'Licenciatura', 'Diseñadora Mumtimedia', '272', '2295299', 'Femenino'),
(51, 'Preparatoria', 'demo', '499', '2187652', 'Masculino'),
(52, 'Preparatoria', 'demo', '499', '2187652', 'Masculino'),
(53, 'Preparatoria', 'demo', '499', '2187652', 'Masculino'),
(54, 'Preparatoria', 'demo', '499', '2187652', 'Masculino'),
(55, 'Preparatoria', 'demo', '499', '2187652', 'Masculino'),
(56, 'Preparatoria', 'demo', '499', '2187652', 'Masculino'),
(57, 'Preparatoria', 'demo', '499', '2187652', 'Masculino'),
(58, 'Preparatoria', 'demo', '499', '2187652', 'Masculino'),
(59, 'Preparatoria', 'demo', '499', '2187652', 'Masculino'),
(60, 'Preparatoria', 'demo', '499', '2187652', 'Masculino'),
(61, 'Preparatoria', 'demo', '499', '2187652', 'Masculino'),
(62, 'Preparatoria', 'demo', '499', '2187652', 'Masculino'),
(63, 'Preparatoria', 'demo', '499', '2187652', 'Masculino'),
(64, 'Preparatoria', 'demo', '499', '2187652', 'Masculino'),
(65, 'Preparatoria', 'demo', '499', '2187652', 'Masculino'),
(66, 'Preparatoria', 'demo', '499', '2187652', 'Masculino'),
(67, 'Preparatoria', 'demo', '499', '2187652', 'Masculino'),
(68, 'Preparatoria', 'demo', '499', '2187652', 'Masculino'),
(69, 'Preparatoria', 'demo', '499', '2187652', 'Masculino'),
(70, 'Preparatoria', 'demo', '499', '2187652', 'Masculino'),
(71, 'Preparatoria', 'demo', '499', '2187652', 'Masculino'),
(72, 'Preparatoria', 'demo', '499', '2187652', 'Masculino'),
(73, 'Preparatoria', 'demo', '499', '2187652', 'Masculino'),
(74, 'Preparatoria', 'demo', '499', '2187652', 'Masculino'),
(75, 'Preparatoria', 'demo', '499', '2187652', 'Masculino'),
(76, 'Preparatoria', 'demo', '499', '2187652', 'Masculino'),
(77, 'Preparatoria', 'demo', '499', '2187652', 'Masculino'),
(78, 'Preparatoria', 'demo', '499', '2187652', 'Masculino'),
(79, 'Preparatoria', 'demo', '499', '2187652', 'Masculino'),
(80, 'Preparatoria', 'demo', '499', '2187652', 'Masculino'),
(81, 'Preparatoria', 'demo', '499', '2187652', 'Masculino'),
(82, 'Preparatoria', 'demo', '499', '2187652', 'Masculino'),
(83, 'Preparatoria', 'demo', '499', '2187652', 'Masculino'),
(84, 'Preparatoria', 'demo', '499', '2187652', 'Masculino'),
(85, 'Preparatoria', 'demo', '499', '2187652', 'Masculino'),
(86, 'Preparatoria', 'demo', '499', '2187652', 'Masculino'),
(87, 'Preparatoria', 'demo', '499', '2187652', 'Masculino'),
(88, 'Preparatoria', 'demo', '499', '2187652', 'Masculino'),
(89, 'Preparatoria', 'demo', '499', '2187652', 'Masculino'),
(90, 'Preparatoria', 'demo', '499', '2187652', 'Masculino'),
(91, 'Preparatoria', 'demo', '499', '2187652', 'Masculino'),
(92, 'Preparatoria', 'demo', '499', '2187652', 'Masculino'),
(93, 'Preparatoria', 'demo', '499', '2187652', 'Masculino'),
(94, 'Preparatoria', 'demo', '499', '2187652', 'Masculino'),
(95, 'Preparatoria', 'demo', '499', '2187652', 'Masculino'),
(96, 'Preparatoria', 'demo', '499', '2187652', 'Masculino'),
(97, 'Preparatoria', 'demo', '499', '2187652', 'Masculino'),
(98, 'Preparatoria', 'demo', '499', '2187652', 'Masculino'),
(99, 'Preparatoria', 'demo', '499', '2187652', 'Masculino'),
(100, 'Preparatoria', 'demo', '499', '2187652', 'Masculino'),
(101, 'Preparatoria', 'demo', '499', '2187652', 'Masculino'),
(102, 'Preparatoria', 'demo', '499', '2187652', 'Masculino'),
(103, 'Preparatoria', 'demo', '499', '2187652', 'Masculino'),
(104, 'Preparatoria', 'demo', '499', '2187652', 'Masculino'),
(105, 'Preparatoria', 'demo', '499', '2187652', 'Masculino'),
(106, 'Preparatoria', 'demo', '499', '2187652', 'Masculino'),
(107, 'Preparatoria', 'demo', '499', '2187652', 'Masculino'),
(108, 'Preparatoria', 'demo', '499', '2187652', 'Masculino'),
(109, 'Preparatoria', 'demo', '499', '2187652', 'Masculino'),
(110, 'Preparatoria', 'demo', '499', '2187652', 'Masculino'),
(111, 'Preparatoria', 'demo', '499', '2187652', 'Masculino'),
(112, 'Preparatoria', 'demo', '499', '2187652', 'Masculino'),
(113, 'Preparatoria', 'demo', '499', '2187652', 'Masculino'),
(114, 'Preparatoria', 'demo', '499', '2187652', 'Masculino'),
(115, 'Preparatoria', 'demo', '499', '2187652', 'Masculino'),
(116, 'Preparatoria', 'demo', '499', '2187652', 'Masculino'),
(117, 'Preparatoria', 'demo', '499', '2187652', 'Masculino'),
(118, 'Preparatoria', 'demo', '499', '2187652', 'Masculino'),
(119, 'Preparatoria', 'demo', '499', '2187652', 'Masculino'),
(120, 'Preparatoria', 'demo', '499', '2187652', 'Masculino'),
(121, 'Preparatoria', 'demo', '499', '2187652', 'Masculino'),
(122, 'Preparatoria', 'demo', '499', '2187652', 'Masculino'),
(123, 'Preparatoria', 'demo', '499', '2187652', 'Masculino'),
(124, 'Preparatoria', 'demo', '499', '2187652', 'Masculino'),
(125, 'Preparatoria', 'demo', '499', '2187652', 'Masculino'),
(126, 'Preparatoria', 'demo', '499', '2187652', 'Masculino'),
(127, 'Preparatoria', 'demo', '499', '2187652', 'Masculino'),
(128, 'Preparatoria', 'demo', '499', '2187652', 'Masculino'),
(129, 'Preparatoria', 'demo', '499', '2187652', 'Masculino'),
(130, 'Preparatoria', 'demo', '499', '2187652', 'Masculino'),
(131, 'Preparatoria', 'demo', '499', '2187652', 'Masculino'),
(132, 'Preparatoria', 'demo', '499', '2187652', 'Masculino'),
(133, 'Preparatoria', 'demo', '499', '2187652', 'Masculino'),
(134, 'Preparatoria', 'demo', '499', '2187652', 'Masculino'),
(135, 'Preparatoria', 'demo', '499', '2187652', 'Masculino'),
(136, 'Preparatoria', 'demo', '499', '2187652', 'Masculino'),
(137, 'Preparatoria', 'demo', '499', '2187652', 'Masculino'),
(138, 'Preparatoria', 'demo', '499', '2187652', 'Masculino'),
(139, 'Preparatoria', 'demo', '499', '2187652', 'Masculino'),
(140, 'Preparatoria', 'demo', '499', '2187652', 'Masculino'),
(141, 'Preparatoria', 'demo', '499', '2187652', 'Masculino'),
(142, 'Preparatoria', 'demo', '499', '2187652', 'Masculino'),
(143, 'Preparatoria', 'demo', '499', '2187652', 'Masculino'),
(144, 'Preparatoria', 'demo', '499', '2187652', 'Masculino'),
(145, 'Preparatoria', 'demo', '499', '2187652', 'Masculino'),
(146, 'Preparatoria', 'demo', '499', '2187652', 'Masculino'),
(147, 'Preparatoria', 'demo', '499', '2187652', 'Masculino'),
(148, 'Preparatoria', 'demo', '499', '2187652', 'Masculino'),
(149, 'Preparatoria', 'demo', '499', '2187652', 'Masculino'),
(150, 'Preparatoria', 'demo', '499', '2187652', 'Masculino'),
(151, 'Preparatoria', 'demo', '499', '2187652', 'Masculino'),
(152, 'Preparatoria', 'demo', '499', '2187652', 'Masculino'),
(153, 'Preparatoria', 'demo', '499', '2187652', 'Masculino'),
(154, 'Preparatoria', 'demo', '499', '2187652', 'Masculino'),
(155, 'Preparatoria', 'demo', '499', '2187652', 'Masculino'),
(156, 'Preparatoria', 'demo', '499', '2187652', 'Masculino'),
(157, 'Preparatoria', 'demo', '499', '2187652', 'Masculino'),
(158, 'Preparatoria', 'demo', '499', '2187652', 'Masculino'),
(159, 'Preparatoria', 'demo', '499', '2187652', 'Masculino'),
(160, 'Preparatoria', 'demo', '499', '2187652', 'Masculino'),
(161, 'Preparatoria', 'demo', '499', '2187652', 'Masculino'),
(162, 'Preparatoria', 'demo', '499', '2187652', 'Masculino'),
(163, 'Preparatoria', 'demo', '499', '2187652', 'Masculino'),
(164, 'Preparatoria', 'demo', '499', '2187652', 'Masculino'),
(165, 'Preparatoria', 'demo', '499', '2187652', 'Masculino'),
(166, 'Preparatoria', 'demo', '499', '2187652', 'Masculino'),
(167, 'Preparatoria', 'demo', '499', '2187652', 'Masculino'),
(168, 'Preparatoria', 'demo', '499', '2187652', 'Masculino'),
(169, 'Preparatoria', 'demo', '499', '2187652', 'Masculino'),
(170, 'Preparatoria', 'demo', '499', '2187652', 'Masculino'),
(171, 'Preparatoria', 'demo', '499', '2187652', 'Masculino'),
(172, 'Preparatoria', 'demo', '499', '2187652', 'Masculino'),
(173, 'Preparatoria', 'demo', '499', '2187652', 'Masculino'),
(174, 'Licenciatura', 'Gerente', '044', '2717498938', 'Masculino'),
(175, 'Licenciatura', 'Gerente', '044', '2712292828', 'Masculino'),
(176, 'Tecnico', 'Gerente', '', '2717498938', 'Masculino');

-- --------------------------------------------------------

--
-- Estructura de tabla para la tabla `empresa`
--

CREATE TABLE `empresa` (
  `id_empresa` int(11) NOT NULL,
  `nombre_empresa` varchar(100) NOT NULL,
  `tipo_empresa` varchar(30) NOT NULL,
  `antiguedad` varchar(20) NOT NULL,
  `num_colaboradores` varchar(30) NOT NULL,
  `lada_empresa` varchar(3) NOT NULL,
  `telefono_empresa` varchar(10) NOT NULL,
  `pais` varchar(30) NOT NULL,
  `estado` varchar(35) NOT NULL,
  `ciudad` varchar(30) NOT NULL,
  `direccion` varchar(150) NOT NULL,
  `codigo_postal` int(11) NOT NULL,
  `correo_empresa` varchar(80) NOT NULL,
  `id_usuario` int(11) NOT NULL
) ENGINE=MyISAM DEFAULT CHARSET=utf8;

--
-- Volcado de datos para la tabla `empresa`
--

INSERT INTO `empresa` (`id_empresa`, `nombre_empresa`, `tipo_empresa`, `antiguedad`, `num_colaboradores`, `lada_empresa`, `telefono_empresa`, `pais`, `estado`, `ciudad`, `direccion`, `codigo_postal`, `correo_empresa`, `id_usuario`) VALUES
(1, 'Romegus', 'servicios', '1 a 5 años', 'Micro (1 a 10)', '', '', 'México', 'veracruz', 'Córdoba', '', 0, '', 1),
(2, 'Romegus', 'servicios', '1 a 5 años', 'Micro (1 a 10)', '', '', 'México', 'veracruz', 'Córdoba', '', 0, '', 2),
(23, 'AKWEL AUTOMOTIVE ', 'industrial', '6 a 10 años', 'Grande (+ 250)', '', '', 'México', 'veracruz', 'Orizaba', '', 0, '', 32),
(4, 'Instituto Tecnológico de Sonor', 'servicios', 'Más de 10 años', 'Grande (+ 250)', '644', '100900', 'México', 'sonora', 'Cd. Obregon', '5 de Febrero 818 Sur', 85000, 'ivett_acosta@hotmail.com', 4),
(6, 'TRANSGEL OPERADOR LOGISTICO DE', 'servicios', '1 a 5 años', 'Micro (1 a 10)', '271', '7122145', 'México', 'veracruz', 'Córdoba', '', 0, 'brangelcp@hotmail.com', 15),
(7, 'Comisión Federal de Electricid', 'servicios', '6 a 10 años', 'Grande (+ 250)', '55', '52294400', 'México', 'veracruz', 'Córdoba', '', 0, 'analeath.rousse@cfe.mx', 16),
(8, 'Asti consultoria ', 'servicios', '6 a 10 años', 'Micro (1 a 10)', '272', '7264352', 'México', 'veracruz', 'Córdoba', 'Av 1', 54439, 'direccion@astiservices.com', 17),
(9, 'impulsora en servicios integra', 'servicios', 'Más de 10 años', 'Mediana (51 a 250)', '272', '27242829', 'México', 'veracruz', 'Orizaba', 'norte 30 No. 561 col. Lopez Mateos', 9324, 'octavio.lopez@isimali.com', 18),
(10, 'Corporativo en servicios estratégicos ', 'servicios', '6 a 10 años', 'Micro (1 a 10)', '', '', 'México', 'veracruz', 'Córdoba', 'Colonia centro ', 72000, '', 19),
(11, 'Cafinco SA de CV', 'industrial', 'Más de 10 años', 'Grande (+ 250)', '271', '7148484', 'México', 'veracruz', 'Córdoba', 'Avenida 1 no. 3515 zona industrial', 94690, '', 20),
(12, 'Cafinco SA de CV', 'industrial', 'Más de 10 años', 'Grande (+ 250)', '271', '7148484', 'México', 'veracruz', 'Córdoba', 'Avenida 1 no. 3515 zona industrial', 94690, '', 21),
(13, 'PAQUIN AUTOMOTRIZ', 'servicios', 'Menos de 1 año', 'Micro (1 a 10)', '', '', 'México', 'veracruz', 'Córdoba', '', 0, '', 22),
(14, 'Fertland S. DE R.L. DE C.V.', 'comercio', '1 a 5 años', 'Pequeña (11 a 50)', '', '', 'México', 'veracruz', 'Córdoba', 'Av. 21 A Fraccionamiento Alameda', 94500, 'telemarketing@endicomexico.com', 23),
(15, 'CORPORATIVO GESICA S.A. DE C.V.', 'servicios', '1 a 5 años', 'Pequeña (11 a 50)', '044', '2727288639', 'México', 'veracruz', 'Córdoba', 'ANDADOR 9 NO. 4, CROM', 94335, 'ma.pau.escamilla@gmail.com', 24),
(16, 'DSE - INGENIERIA ELECTRICA', 'servicios', 'Más de 10 años', 'Pequeña (11 a 50)', '272', '1214239', 'México', 'veracruz', 'Orizaba', 'SUR 6 NUMERO 243', 94300, 'direccion@dse-ing-electrica.com.mx', 25),
(17, 'Café Tostado de Exportación', 'industrial', '1 a 5 años', 'Pequeña (11 a 50)', '272', '1546635', 'México', 'veracruz', 'Córdoba', '', 0, '', 26),
(18, 'GA CONSULTORES', 'servicios', '1 a 5 años', 'Pequeña (11 a 50)', '', '', 'México', 'veracruz', 'Orizaba', '', 0, 'jozimargutz@gmail.con', 27),
(19, 'Sabores Jarochos Veery', 'comercio', '1 a 5 años', 'Micro (1 a 10)', '272', '7205319', 'México', 'veracruz', 'Orizaba', 'Av pte 10 No 225 ', 94350, 'rosasb.veronica@outlook.com', 28),
(20, 'ASTI CONSULTORIA DE SOFTWARE S.A. DE C.V.', 'servicios', '6 a 10 años', 'Micro (1 a 10)', '272', '7264352', 'México', 'veracruz', 'Orizaba', 'AVENIDA 6', 94340, 'facturacion@astiservices.com', 29),
(22, 'El Gavilan ', 'comercio', 'Más de 10 años', 'Micro (1 a 10)', '272', '7254109', 'México', 'veracruz', 'Orizaba', 'Oriente 7 número 171 ', 0, '', 31),
(24, 'COATS DE MEXICO SA DE CV', 'industrial', '1 a 5 años', 'Grande (+ 250)', '272', '81400', 'México', 'veracruz', 'Orizaba', 'Autopista México - Veracruz Km 274, San Antonio Jalapilla, ', 94390, 'alfredrr8@gmail.com', 33),
(25, 'Volkswagen', 'industrial', '6 a 10 años', 'Mediana (51 a 250)', '272', '7244333', 'México', 'veracruz', 'Orizaba', 'Prolongación de oriente 6 ', 94340, 'santiagoanelvr@gmail.com', 34),
(26, 'Dinámica Fiscal Consultores Córdoba - Puebla ', 'servicios', 'Más de 10 años', 'Micro (1 a 10)', '', '2224266433', 'México', 'puebla', 'Córdoba', '', 0, '', 35),
(27, 'RODAS COMPUTACIÓN', 'servicios', 'Más de 10 años', 'Pequeña (11 a 50)', '272', '7264480', 'México', 'veracruz', 'Orizaba', 'Sur 7 No. 18 Col. Cemtro', 94300, 'rodascomputacion01@gmail.com', 36),
(28, 'Alejandro Paez Matias', 'servicios', 'Menos de 1 año', 'Mediana (51 a 250)', '', '', 'México', 'veracruz', 'Orizaba', '4ta. Privada del Yute', 94300, 'AlexPaezM99@gmail.com', 37),
(29, 'Harweb', 'servicios', 'Más de 10 años', 'Mediana (51 a 250)', '', '', 'México', 'mexico', 'Córdoba', 'Poniente 140', 2300, 'victor.reyes_s@yahoo.com.mx', 38),
(30, 'Ingenio La Margarita S.A. de C.V.', 'industrial', 'Más de 10 años', 'Grande (+ 250)', '274', '7480726', 'México', 'veracruz', 'Veracruz', 'Negrete No. 540 col. Ignacio Zaragoza', 91910, '', 39),
(31, 'UNIDAD EJIDAL DE EXTRACCION DE MATERIALES PETREOS, S DE SS', 'industrial', '1 a 5 años', 'Mediana (51 a 250)', '', '', 'México', 'veracruz', 'Orizaba', '', 0, 'brangelcp@hotmail.com', 40),
(32, 'Transpover S.A. de C.V. ', 'servicios', 'Más de 10 años', 'Grande (+ 250)', '228', '1990587', 'México', 'veracruz', 'Orizaba', 'Ote 34 s/n Rincon Chico', 94390, 'pablo.alvarado@transpover.mx', 41),
(33, 'SAMUV', 'servicios', '1 a 5 años', 'Pequeña (11 a 50)', '', '7042422', 'México', 'veracruz', 'Córdoba', 'Lienzos II', 94494, 'ranp212_ice@hotmail.com', 42),
(34, 'Kpacita', 'servicios', 'Menos de 1 año', 'Micro (1 a 10)', '', '', 'México', 'veracruz', 'Orizaba', '', 0, 'ojuarez@uv.mx', 43),
(35, 'Harweb', 'Servicios', 'Más de 10 años', 'Mediana (51 a 250)', '', '', 'México', 'mexico', 'Córdoba', 'Poniente 140', 2300, '', 44),
(36, 'Ángel Martín Arreola ', 'Servicios', '6 a 10 años', 'Micro (1 a 10)', '', '', 'México', 'veracruz', 'Córdoba', '', 94540, '', 45),
(37, 'Seico', 'Servicios', 'Más de 10 años', 'Pequeña (11 a 50)', '', '', 'México', 'veracruz', 'Orizaba', 'norte 16 munero 43', 94320, '', 46),
(38, 'xxxxxx', 'Industrial', 'Menos de 1 año', 'Micro (1 a 10)', '271', '1213231231', 'México', 'veracruz', 'Amatlan de los Reyes', 'Avenida Felipe de la Cueva 5 Paraje Nuevo', 94940, '', 47),
(39, 'Particular', 'Comercio', '1 a 5 años', 'Micro (1 a 10)', '273', '1157657', 'México', 'veracruz', 'Fortín', 'Conocido', 94140, '', 48),
(40, 'Ten minutes', 'Servicios', 'Menos de 1 año', 'Micro (1 a 10)', '', '', 'México', 'veracruz', 'Amatlan de los Reyes', '', 0, '', 49),
(41, 'Maricarmen.ft', 'Servicios', '1 a 5 años', 'Micro (1 a 10)', '', '', 'México', 'veracruz', 'Orizaba', '', 0, '', 50),
(42, 'demo', 'Industrial', 'Menos de 1 año', 'Micro (1 a 10)', '449', '398736253', 'México', 'veracruz', 'Córdoba', 'asdas', 37000, 'demodemo@yopmail.com', 51),
(43, 'demo', 'Industrial', 'Menos de 1 año', 'Micro (1 a 10)', '449', '398736253', 'México', 'veracruz', 'Córdoba', 'asdas', 37000, 'demodemo@yopmail.com', 52),
(44, 'demo', 'Industrial', 'Menos de 1 año', 'Micro (1 a 10)', '449', '398736253', 'México', 'veracruz', 'Córdoba', 'asdas', 37000, 'demodemo@yopmail.com', 53),
(45, 'demo', 'Industrial', 'Menos de 1 año', 'Micro (1 a 10)', '449', '398736253', 'México', 'veracruz', 'Córdoba', 'asdas', 37000, 'demodemo@yopmail.com', 54),
(46, 'demo', 'Industrial', 'Menos de 1 año', 'Micro (1 a 10)', '449', '398736253', 'México', 'veracruz', 'Córdoba', 'asdas', 37000, 'demodemo@yopmail.com', 55),
(47, 'demo', 'Industrial', 'Menos de 1 año', 'Micro (1 a 10)', '449', '398736253', 'México', 'veracruz', 'Córdoba', 'asdas', 37000, 'demodemo@yopmail.com', 56),
(48, 'demo', 'Industrial', 'Menos de 1 año', 'Micro (1 a 10)', '449', '398736253', 'México', 'veracruz', 'Córdoba', 'asdas', 37000, 'demodemo@yopmail.com', 57),
(49, 'demo', 'Industrial', 'Menos de 1 año', 'Micro (1 a 10)', '449', '398736253', 'México', 'veracruz', 'Córdoba', 'asdas', 37000, 'demodemo@yopmail.com', 58),
(50, 'demo', 'Industrial', 'Menos de 1 año', 'Micro (1 a 10)', '449', '398736253', 'México', 'veracruz', 'Córdoba', 'asdas', 37000, 'demodemo@yopmail.com', 59),
(51, 'demo', 'Industrial', 'Menos de 1 año', 'Micro (1 a 10)', '449', '398736253', 'México', 'veracruz', 'Córdoba', 'asdas', 37000, 'demodemo@yopmail.com', 60),
(52, 'demo', 'Industrial', 'Menos de 1 año', 'Micro (1 a 10)', '449', '398736253', 'México', 'veracruz', 'Córdoba', 'asdas', 37000, 'demodemo@yopmail.com', 61),
(53, 'demo', 'Industrial', 'Menos de 1 año', 'Micro (1 a 10)', '449', '398736253', 'México', 'veracruz', 'Córdoba', 'asdas', 37000, 'demodemo@yopmail.com', 62),
(54, 'demo', 'Industrial', 'Menos de 1 año', 'Micro (1 a 10)', '449', '398736253', 'México', 'veracruz', 'Córdoba', 'asdas', 37000, 'demodemo@yopmail.com', 63),
(55, 'demo', 'Industrial', 'Menos de 1 año', 'Micro (1 a 10)', '449', '398736253', 'México', 'veracruz', 'Córdoba', 'asdas', 37000, 'demodemo@yopmail.com', 64),
(56, 'demo', 'Industrial', 'Menos de 1 año', 'Micro (1 a 10)', '449', '398736253', 'México', 'veracruz', 'Córdoba', 'asdas', 37000, 'demodemo@yopmail.com', 65),
(57, 'demo', 'Industrial', 'Menos de 1 año', 'Micro (1 a 10)', '449', '398736253', 'México', 'veracruz', 'Córdoba', 'asdas', 37000, 'demodemo@yopmail.com', 66),
(58, 'demo', 'Industrial', 'Menos de 1 año', 'Micro (1 a 10)', '449', '398736253', 'México', 'veracruz', 'Córdoba', 'asdas', 37000, 'demodemo@yopmail.com', 67),
(59, 'demo', 'Industrial', 'Menos de 1 año', 'Micro (1 a 10)', '449', '398736253', 'México', 'veracruz', 'Córdoba', 'asdas', 37000, 'demodemo@yopmail.com', 68),
(60, 'demo', 'Industrial', 'Menos de 1 año', 'Micro (1 a 10)', '449', '398736253', 'México', 'veracruz', 'Córdoba', 'asdas', 37000, 'demodemo@yopmail.com', 69),
(61, 'demo', 'Industrial', 'Menos de 1 año', 'Micro (1 a 10)', '449', '398736253', 'México', 'veracruz', 'Córdoba', 'asdas', 37000, 'demodemo@yopmail.com', 70),
(62, 'demo', 'Industrial', 'Menos de 1 año', 'Micro (1 a 10)', '449', '398736253', 'México', 'veracruz', 'Córdoba', 'asdas', 37000, 'demodemo@yopmail.com', 71),
(63, 'demo', 'Industrial', 'Menos de 1 año', 'Micro (1 a 10)', '449', '398736253', 'México', 'veracruz', 'Córdoba', 'asdas', 37000, 'demodemo@yopmail.com', 72),
(64, 'demo', 'Industrial', 'Menos de 1 año', 'Micro (1 a 10)', '449', '398736253', 'México', 'veracruz', 'Córdoba', 'asdas', 37000, 'demodemo@yopmail.com', 73),
(65, 'demo', 'Industrial', 'Menos de 1 año', 'Micro (1 a 10)', '449', '398736253', 'México', 'veracruz', 'Córdoba', 'asdas', 37000, 'demodemo@yopmail.com', 74),
(66, 'demo', 'Industrial', 'Menos de 1 año', 'Micro (1 a 10)', '449', '398736253', 'México', 'veracruz', 'Córdoba', 'asdas', 37000, 'demodemo@yopmail.com', 75),
(67, 'demo', 'Industrial', 'Menos de 1 año', 'Micro (1 a 10)', '449', '398736253', 'México', 'veracruz', 'Córdoba', 'asdas', 37000, 'demodemo@yopmail.com', 76),
(68, 'demo', 'Industrial', 'Menos de 1 año', 'Micro (1 a 10)', '449', '398736253', 'México', 'veracruz', 'Córdoba', 'asdas', 37000, 'demodemo@yopmail.com', 77),
(69, 'demo', 'Industrial', 'Menos de 1 año', 'Micro (1 a 10)', '449', '398736253', 'México', 'veracruz', 'Córdoba', 'asdas', 37000, 'demodemo@yopmail.com', 78),
(70, 'demo', 'Industrial', 'Menos de 1 año', 'Micro (1 a 10)', '449', '398736253', 'México', 'veracruz', 'Córdoba', 'asdas', 37000, 'demodemo@yopmail.com', 79),
(71, 'demo', 'Industrial', 'Menos de 1 año', 'Micro (1 a 10)', '449', '398736253', 'México', 'veracruz', 'Córdoba', 'asdas', 37000, 'demodemo@yopmail.com', 80),
(72, 'demo', 'Industrial', 'Menos de 1 año', 'Micro (1 a 10)', '449', '398736253', 'México', 'veracruz', 'Córdoba', 'asdas', 37000, 'demodemo@yopmail.com', 81),
(73, 'demo', 'Industrial', 'Menos de 1 año', 'Micro (1 a 10)', '449', '398736253', 'México', 'veracruz', 'Córdoba', 'asdas', 37000, 'demodemo@yopmail.com', 82),
(74, 'demo', 'Industrial', 'Menos de 1 año', 'Micro (1 a 10)', '449', '398736253', 'México', 'veracruz', 'Córdoba', 'asdas', 37000, 'demodemo@yopmail.com', 83),
(75, 'demo', 'Industrial', 'Menos de 1 año', 'Micro (1 a 10)', '449', '398736253', 'México', 'veracruz', 'Córdoba', 'asdas', 37000, 'demodemo@yopmail.com', 84),
(76, 'demo', 'Industrial', 'Menos de 1 año', 'Micro (1 a 10)', '449', '398736253', 'México', 'veracruz', 'Córdoba', 'asdas', 37000, 'demodemo@yopmail.com', 85),
(77, 'demo', 'Industrial', 'Menos de 1 año', 'Micro (1 a 10)', '449', '398736253', 'México', 'veracruz', 'Córdoba', 'asdas', 37000, 'demodemo@yopmail.com', 86),
(78, 'demo', 'Industrial', 'Menos de 1 año', 'Micro (1 a 10)', '449', '398736253', 'México', 'veracruz', 'Córdoba', 'asdas', 37000, 'demodemo@yopmail.com', 87),
(79, 'demo', 'Industrial', 'Menos de 1 año', 'Micro (1 a 10)', '449', '398736253', 'México', 'veracruz', 'Córdoba', 'asdas', 37000, 'demodemo@yopmail.com', 88),
(80, 'demo', 'Industrial', 'Menos de 1 año', 'Micro (1 a 10)', '449', '398736253', 'México', 'veracruz', 'Córdoba', 'asdas', 37000, 'demodemo@yopmail.com', 89),
(81, 'demo', 'Industrial', 'Menos de 1 año', 'Micro (1 a 10)', '449', '398736253', 'México', 'veracruz', 'Córdoba', 'asdas', 37000, 'demodemo@yopmail.com', 90),
(82, 'demo', 'Industrial', 'Menos de 1 año', 'Micro (1 a 10)', '449', '398736253', 'México', 'veracruz', 'Córdoba', 'asdas', 37000, 'demodemo@yopmail.com', 91),
(83, 'demo', 'Industrial', 'Menos de 1 año', 'Micro (1 a 10)', '449', '398736253', 'México', 'veracruz', 'Córdoba', 'asdas', 37000, 'demodemo@yopmail.com', 92),
(84, 'demo', 'Industrial', 'Menos de 1 año', 'Micro (1 a 10)', '449', '398736253', 'México', 'veracruz', 'Córdoba', 'asdas', 37000, 'demodemo@yopmail.com', 93),
(85, 'demo', 'Industrial', 'Menos de 1 año', 'Micro (1 a 10)', '449', '398736253', 'México', 'veracruz', 'Córdoba', 'asdas', 37000, 'demodemo@yopmail.com', 94),
(86, 'demo', 'Industrial', 'Menos de 1 año', 'Micro (1 a 10)', '449', '398736253', 'México', 'veracruz', 'Córdoba', 'asdas', 37000, 'demodemo@yopmail.com', 95),
(87, 'demo', 'Industrial', 'Menos de 1 año', 'Micro (1 a 10)', '449', '398736253', 'México', 'veracruz', 'Córdoba', 'asdas', 37000, 'demodemo@yopmail.com', 96),
(88, 'demo', 'Industrial', 'Menos de 1 año', 'Micro (1 a 10)', '449', '398736253', 'México', 'veracruz', 'Córdoba', 'asdas', 37000, 'demodemo@yopmail.com', 97),
(89, 'demo', 'Industrial', 'Menos de 1 año', 'Micro (1 a 10)', '449', '398736253', 'México', 'veracruz', 'Córdoba', 'asdas', 37000, 'demodemo@yopmail.com', 98),
(90, 'demo', 'Industrial', 'Menos de 1 año', 'Micro (1 a 10)', '449', '398736253', 'México', 'veracruz', 'Córdoba', 'asdas', 37000, 'demodemo@yopmail.com', 99),
(91, 'demo', 'Industrial', 'Menos de 1 año', 'Micro (1 a 10)', '449', '398736253', 'México', 'veracruz', 'Córdoba', 'asdas', 37000, 'demodemo@yopmail.com', 100),
(92, 'demo', 'Industrial', 'Menos de 1 año', 'Micro (1 a 10)', '449', '398736253', 'México', 'veracruz', 'Córdoba', 'asdas', 37000, 'demodemo@yopmail.com', 101),
(93, 'demo', 'Industrial', 'Menos de 1 año', 'Micro (1 a 10)', '449', '398736253', 'México', 'veracruz', 'Córdoba', 'asdas', 37000, 'demodemo@yopmail.com', 102),
(94, 'demo', 'Industrial', 'Menos de 1 año', 'Micro (1 a 10)', '449', '398736253', 'México', 'veracruz', 'Córdoba', 'asdas', 37000, 'demodemo@yopmail.com', 103),
(95, 'demo', 'Industrial', 'Menos de 1 año', 'Micro (1 a 10)', '449', '398736253', 'México', 'veracruz', 'Córdoba', 'asdas', 37000, 'demodemo@yopmail.com', 104),
(96, 'demo', 'Industrial', 'Menos de 1 año', 'Micro (1 a 10)', '449', '398736253', 'México', 'veracruz', 'Córdoba', 'asdas', 37000, 'demodemo@yopmail.com', 105),
(97, 'demo', 'Industrial', 'Menos de 1 año', 'Micro (1 a 10)', '449', '398736253', 'México', 'veracruz', 'Córdoba', 'asdas', 37000, 'demodemo@yopmail.com', 106),
(98, 'demo', 'Industrial', 'Menos de 1 año', 'Micro (1 a 10)', '449', '398736253', 'México', 'veracruz', 'Córdoba', 'asdas', 37000, 'demodemo@yopmail.com', 107),
(99, 'demo', 'Industrial', 'Menos de 1 año', 'Micro (1 a 10)', '449', '398736253', 'México', 'veracruz', 'Córdoba', 'asdas', 37000, 'demodemo@yopmail.com', 108),
(100, 'demo', 'Industrial', 'Menos de 1 año', 'Micro (1 a 10)', '449', '398736253', 'México', 'veracruz', 'Córdoba', 'asdas', 37000, 'demodemo@yopmail.com', 109),
(101, 'demo', 'Industrial', 'Menos de 1 año', 'Micro (1 a 10)', '449', '398736253', 'México', 'veracruz', 'Córdoba', 'asdas', 37000, 'demodemo@yopmail.com', 110),
(102, 'demo', 'Industrial', 'Menos de 1 año', 'Micro (1 a 10)', '449', '398736253', 'México', 'veracruz', 'Córdoba', 'asdas', 37000, 'demodemo@yopmail.com', 111),
(103, 'demo', 'Industrial', 'Menos de 1 año', 'Micro (1 a 10)', '449', '398736253', 'México', 'veracruz', 'Córdoba', 'asdas', 37000, 'demodemo@yopmail.com', 112),
(104, 'demo', 'Industrial', 'Menos de 1 año', 'Micro (1 a 10)', '449', '398736253', 'México', 'veracruz', 'Córdoba', 'asdas', 37000, 'demodemo@yopmail.com', 113),
(105, 'demo', 'Industrial', 'Menos de 1 año', 'Micro (1 a 10)', '449', '398736253', 'México', 'veracruz', 'Córdoba', 'asdas', 37000, 'demodemo@yopmail.com', 114),
(106, 'demo', 'Industrial', 'Menos de 1 año', 'Micro (1 a 10)', '449', '398736253', 'México', 'veracruz', 'Córdoba', 'asdas', 37000, 'demodemo@yopmail.com', 115),
(107, 'demo', 'Industrial', 'Menos de 1 año', 'Micro (1 a 10)', '449', '398736253', 'México', 'veracruz', 'Córdoba', 'asdas', 37000, 'demodemo@yopmail.com', 116),
(108, 'demo', 'Industrial', 'Menos de 1 año', 'Micro (1 a 10)', '449', '398736253', 'México', 'veracruz', 'Córdoba', 'asdas', 37000, 'demodemo@yopmail.com', 117),
(109, 'demo', 'Industrial', 'Menos de 1 año', 'Micro (1 a 10)', '449', '398736253', 'México', 'veracruz', 'Córdoba', 'asdas', 37000, 'demodemo@yopmail.com', 118),
(110, 'demo', 'Industrial', 'Menos de 1 año', 'Micro (1 a 10)', '449', '398736253', 'México', 'veracruz', 'Córdoba', 'asdas', 37000, 'demodemo@yopmail.com', 119),
(111, 'demo', 'Industrial', 'Menos de 1 año', 'Micro (1 a 10)', '449', '398736253', 'México', 'veracruz', 'Córdoba', 'asdas', 37000, 'demodemo@yopmail.com', 120),
(112, 'demo', 'Industrial', 'Menos de 1 año', 'Micro (1 a 10)', '449', '398736253', 'México', 'veracruz', 'Córdoba', 'asdas', 37000, 'demodemo@yopmail.com', 121),
(113, 'demo', 'Industrial', 'Menos de 1 año', 'Micro (1 a 10)', '449', '398736253', 'México', 'veracruz', 'Córdoba', 'asdas', 37000, 'demodemo@yopmail.com', 122),
(114, 'demo', 'Industrial', 'Menos de 1 año', 'Micro (1 a 10)', '449', '398736253', 'México', 'veracruz', 'Córdoba', 'asdas', 37000, 'demodemo@yopmail.com', 123),
(115, 'demo', 'Industrial', 'Menos de 1 año', 'Micro (1 a 10)', '449', '398736253', 'México', 'veracruz', 'Córdoba', 'asdas', 37000, 'demodemo@yopmail.com', 124),
(116, 'demo', 'Industrial', 'Menos de 1 año', 'Micro (1 a 10)', '449', '398736253', 'México', 'veracruz', 'Córdoba', 'asdas', 37000, 'demodemo@yopmail.com', 125),
(117, 'demo', 'Industrial', 'Menos de 1 año', 'Micro (1 a 10)', '449', '398736253', 'México', 'veracruz', 'Córdoba', 'asdas', 37000, 'demodemo@yopmail.com', 126),
(118, 'demo', 'Industrial', 'Menos de 1 año', 'Micro (1 a 10)', '449', '398736253', 'México', 'veracruz', 'Córdoba', 'asdas', 37000, 'demodemo@yopmail.com', 127),
(119, 'demo', 'Industrial', 'Menos de 1 año', 'Micro (1 a 10)', '449', '398736253', 'México', 'veracruz', 'Córdoba', 'asdas', 37000, 'demodemo@yopmail.com', 128),
(120, 'demo', 'Industrial', 'Menos de 1 año', 'Micro (1 a 10)', '449', '398736253', 'México', 'veracruz', 'Córdoba', 'asdas', 37000, 'demodemo@yopmail.com', 129),
(121, 'demo', 'Industrial', 'Menos de 1 año', 'Micro (1 a 10)', '449', '398736253', 'México', 'veracruz', 'Córdoba', 'asdas', 37000, 'demodemo@yopmail.com', 130),
(122, 'demo', 'Industrial', 'Menos de 1 año', 'Micro (1 a 10)', '449', '398736253', 'México', 'veracruz', 'Córdoba', 'asdas', 37000, 'demodemo@yopmail.com', 131),
(123, 'demo', 'Industrial', 'Menos de 1 año', 'Micro (1 a 10)', '449', '398736253', 'México', 'veracruz', 'Córdoba', 'asdas', 37000, 'demodemo@yopmail.com', 132),
(124, 'demo', 'Industrial', 'Menos de 1 año', 'Micro (1 a 10)', '449', '398736253', 'México', 'veracruz', 'Córdoba', 'asdas', 37000, 'demodemo@yopmail.com', 133),
(125, 'demo', 'Industrial', 'Menos de 1 año', 'Micro (1 a 10)', '449', '398736253', 'México', 'veracruz', 'Córdoba', 'asdas', 37000, 'demodemo@yopmail.com', 134),
(126, 'demo', 'Industrial', 'Menos de 1 año', 'Micro (1 a 10)', '449', '398736253', 'México', 'veracruz', 'Córdoba', 'asdas', 37000, 'demodemo@yopmail.com', 135),
(127, 'demo', 'Industrial', 'Menos de 1 año', 'Micro (1 a 10)', '449', '398736253', 'México', 'veracruz', 'Córdoba', 'asdas', 37000, 'demodemo@yopmail.com', 136),
(128, 'demo', 'Industrial', 'Menos de 1 año', 'Micro (1 a 10)', '449', '398736253', 'México', 'veracruz', 'Córdoba', 'asdas', 37000, 'demodemo@yopmail.com', 137),
(129, 'demo', 'Industrial', 'Menos de 1 año', 'Micro (1 a 10)', '449', '398736253', 'México', 'veracruz', 'Córdoba', 'asdas', 37000, 'demodemo@yopmail.com', 138),
(130, 'demo', 'Industrial', 'Menos de 1 año', 'Micro (1 a 10)', '449', '398736253', 'México', 'veracruz', 'Córdoba', 'asdas', 37000, 'demodemo@yopmail.com', 139),
(131, 'demo', 'Industrial', 'Menos de 1 año', 'Micro (1 a 10)', '449', '398736253', 'México', 'veracruz', 'Córdoba', 'asdas', 37000, 'demodemo@yopmail.com', 140),
(132, 'demo', 'Industrial', 'Menos de 1 año', 'Micro (1 a 10)', '449', '398736253', 'México', 'veracruz', 'Córdoba', 'asdas', 37000, 'demodemo@yopmail.com', 141),
(133, 'demo', 'Industrial', 'Menos de 1 año', 'Micro (1 a 10)', '449', '398736253', 'México', 'veracruz', 'Córdoba', 'asdas', 37000, 'demodemo@yopmail.com', 142),
(134, 'demo', 'Industrial', 'Menos de 1 año', 'Micro (1 a 10)', '449', '398736253', 'México', 'veracruz', 'Córdoba', 'asdas', 37000, 'demodemo@yopmail.com', 143),
(135, 'demo', 'Industrial', 'Menos de 1 año', 'Micro (1 a 10)', '449', '398736253', 'México', 'veracruz', 'Córdoba', 'asdas', 37000, 'demodemo@yopmail.com', 144),
(136, 'demo', 'Industrial', 'Menos de 1 año', 'Micro (1 a 10)', '449', '398736253', 'México', 'veracruz', 'Córdoba', 'asdas', 37000, 'demodemo@yopmail.com', 145),
(137, 'demo', 'Industrial', 'Menos de 1 año', 'Micro (1 a 10)', '449', '398736253', 'México', 'veracruz', 'Córdoba', 'asdas', 37000, 'demodemo@yopmail.com', 146),
(138, 'demo', 'Industrial', 'Menos de 1 año', 'Micro (1 a 10)', '449', '398736253', 'México', 'veracruz', 'Córdoba', 'asdas', 37000, 'demodemo@yopmail.com', 147),
(139, 'demo', 'Industrial', 'Menos de 1 año', 'Micro (1 a 10)', '449', '398736253', 'México', 'veracruz', 'Córdoba', 'asdas', 37000, 'demodemo@yopmail.com', 148),
(140, 'demo', 'Industrial', 'Menos de 1 año', 'Micro (1 a 10)', '449', '398736253', 'México', 'veracruz', 'Córdoba', 'asdas', 37000, 'demodemo@yopmail.com', 149),
(141, 'demo', 'Industrial', 'Menos de 1 año', 'Micro (1 a 10)', '449', '398736253', 'México', 'veracruz', 'Córdoba', 'asdas', 37000, 'demodemo@yopmail.com', 150),
(142, 'demo', 'Industrial', 'Menos de 1 año', 'Micro (1 a 10)', '449', '398736253', 'México', 'veracruz', 'Córdoba', 'asdas', 37000, 'demodemo@yopmail.com', 151),
(143, 'demo', 'Industrial', 'Menos de 1 año', 'Micro (1 a 10)', '449', '398736253', 'México', 'veracruz', 'Córdoba', 'asdas', 37000, 'demodemo@yopmail.com', 152),
(144, 'demo', 'Industrial', 'Menos de 1 año', 'Micro (1 a 10)', '449', '398736253', 'México', 'veracruz', 'Córdoba', 'asdas', 37000, 'demodemo@yopmail.com', 153),
(145, 'demo', 'Industrial', 'Menos de 1 año', 'Micro (1 a 10)', '449', '398736253', 'México', 'veracruz', 'Córdoba', 'asdas', 37000, 'demodemo@yopmail.com', 154),
(146, 'demo', 'Industrial', 'Menos de 1 año', 'Micro (1 a 10)', '449', '398736253', 'México', 'veracruz', 'Córdoba', 'asdas', 37000, 'demodemo@yopmail.com', 155),
(147, 'demo', 'Industrial', 'Menos de 1 año', 'Micro (1 a 10)', '449', '398736253', 'México', 'veracruz', 'Córdoba', 'asdas', 37000, 'demodemo@yopmail.com', 156),
(148, 'demo', 'Industrial', 'Menos de 1 año', 'Micro (1 a 10)', '449', '398736253', 'México', 'veracruz', 'Córdoba', 'asdas', 37000, 'demodemo@yopmail.com', 157),
(149, 'demo', 'Industrial', 'Menos de 1 año', 'Micro (1 a 10)', '449', '398736253', 'México', 'veracruz', 'Córdoba', 'asdas', 37000, 'demodemo@yopmail.com', 158),
(150, 'demo', 'Industrial', 'Menos de 1 año', 'Micro (1 a 10)', '449', '398736253', 'México', 'veracruz', 'Córdoba', 'asdas', 37000, 'demodemo@yopmail.com', 159),
(151, 'demo', 'Industrial', 'Menos de 1 año', 'Micro (1 a 10)', '449', '398736253', 'México', 'veracruz', 'Córdoba', 'asdas', 37000, 'demodemo@yopmail.com', 160),
(152, 'demo', 'Industrial', 'Menos de 1 año', 'Micro (1 a 10)', '449', '398736253', 'México', 'veracruz', 'Córdoba', 'asdas', 37000, 'demodemo@yopmail.com', 161),
(153, 'demo', 'Industrial', 'Menos de 1 año', 'Micro (1 a 10)', '449', '398736253', 'México', 'veracruz', 'Córdoba', 'asdas', 37000, 'demodemo@yopmail.com', 162),
(154, 'demo', 'Industrial', 'Menos de 1 año', 'Micro (1 a 10)', '449', '398736253', 'México', 'veracruz', 'Córdoba', 'asdas', 37000, 'demodemo@yopmail.com', 163),
(155, 'demo', 'Industrial', 'Menos de 1 año', 'Micro (1 a 10)', '449', '398736253', 'México', 'veracruz', 'Córdoba', 'asdas', 37000, 'demodemo@yopmail.com', 164),
(156, 'demo', 'Industrial', 'Menos de 1 año', 'Micro (1 a 10)', '449', '398736253', 'México', 'veracruz', 'Córdoba', 'asdas', 37000, 'demodemo@yopmail.com', 165),
(157, 'demo', 'Industrial', 'Menos de 1 año', 'Micro (1 a 10)', '449', '398736253', 'México', 'veracruz', 'Córdoba', 'asdas', 37000, 'demodemo@yopmail.com', 166),
(158, 'demo', 'Industrial', 'Menos de 1 año', 'Micro (1 a 10)', '449', '398736253', 'México', 'veracruz', 'Córdoba', 'asdas', 37000, 'demodemo@yopmail.com', 167),
(159, 'demo', 'Industrial', 'Menos de 1 año', 'Micro (1 a 10)', '449', '398736253', 'México', 'veracruz', 'Córdoba', 'asdas', 37000, 'demodemo@yopmail.com', 168),
(160, 'demo', 'Industrial', 'Menos de 1 año', 'Micro (1 a 10)', '449', '398736253', 'México', 'veracruz', 'Córdoba', 'asdas', 37000, 'demodemo@yopmail.com', 169),
(161, 'demo', 'Industrial', 'Menos de 1 año', 'Micro (1 a 10)', '449', '398736253', 'México', 'veracruz', 'Córdoba', 'asdas', 37000, 'demodemo@yopmail.com', 170),
(162, 'demo', 'Industrial', 'Menos de 1 año', 'Micro (1 a 10)', '449', '398736253', 'México', 'veracruz', 'Córdoba', 'asdas', 37000, 'demodemo@yopmail.com', 171),
(163, 'demo', 'Industrial', 'Menos de 1 año', 'Micro (1 a 10)', '449', '398736253', 'México', 'veracruz', 'Córdoba', 'asdas', 37000, 'demodemo@yopmail.com', 172),
(164, 'demo', 'Industrial', 'Menos de 1 año', 'Micro (1 a 10)', '449', '398736253', 'México', 'veracruz', 'Córdoba', 'asdas', 37000, 'demodemo@yopmail.com', 173),
(165, 'UV', 'Servicios', '1 a 5 años', 'Micro (1 a 10)', '', '', 'México', 'veracruz', 'Córdoba', '', 0, 'a24jra@gmail.com', 174),
(166, 'Universidad Veracruzana', 'Servicios', 'Menos de 1 año', 'Micro (1 a 10)', '', '', 'México', 'veracruz', 'Ixtaczoquitlán', 'Ixtaczoquitlan', 94452, 'jpom2001118@gmail.com', 175),
(167, 'da', 'Industrial', '6 a 10 años', 'Micro (1 a 10)', '', '', 'México', 'oaxaca', 'Fortín', 'Hidalgo 14 Frente a Papelería Pecas', 94546, 'dsaa@gmail.com', 176);

-- --------------------------------------------------------

--
-- Estructura de tabla para la tabla `estado-seccion`
--

CREATE TABLE `estado-seccion` (
  `id_usuario` int(11) NOT NULL,
  `id_seccion` int(11) NOT NULL,
  `completo` int(11) NOT NULL
) ENGINE=MyISAM DEFAULT CHARSET=utf8;

--
-- Volcado de datos para la tabla `estado-seccion`
--

INSERT INTO `estado-seccion` (`id_usuario`, `id_seccion`, `completo`) VALUES
(3, 4, 1),
(4, 1, 1),
(14, 3, 1),
(14, 4, 1),
(14, 2, 1),
(14, 1, 1),
(15, 1, 1),
(19, 1, 1),
(21, 1, 1),
(21, 2, 1),
(21, 3, 1),
(21, 4, 1),
(24, 1, 1),
(24, 2, 1),
(23, 1, 1),
(24, 3, 1),
(23, 2, 1),
(23, 3, 1),
(23, 4, 1),
(24, 4, 1),
(26, 1, 1),
(28, 1, 1),
(30, 4, 1),
(29, 1, 1),
(30, 1, 1),
(29, 2, 1),
(29, 3, 1),
(29, 4, 1),
(31, 1, 1),
(32, 1, 1),
(33, 1, 1),
(33, 2, 1),
(33, 3, 1),
(33, 4, 1),
(34, 1, 1),
(34, 2, 1),
(34, 3, 1),
(34, 4, 1),
(32, 2, 1),
(32, 3, 1),
(32, 4, 1),
(36, 1, 1),
(35, 1, 1),
(36, 3, 1),
(36, 4, 1),
(36, 2, 1),
(18, 1, 1),
(18, 2, 1),
(18, 3, 1),
(18, 4, 1),
(37, 1, 1),
(38, 1, 1),
(38, 2, 1),
(38, 3, 1),
(38, 4, 1),
(39, 1, 1),
(39, 2, 1),
(39, 3, 1),
(39, 4, 1),
(40, 1, 1),
(40, 2, 1),
(40, 3, 1),
(40, 4, 1),
(41, 1, 1),
(41, 2, 1),
(41, 3, 1),
(41, 4, 1),
(42, 1, 1),
(42, 2, 1),
(43, 1, 1),
(42, 3, 1),
(46, 1, 1),
(46, 2, 1),
(46, 3, 1),
(46, 4, 1),
(43, 2, 1),
(43, 3, 1),
(43, 4, 1),
(47, 1, 1),
(47, 2, 1),
(47, 3, 1),
(47, 4, 1),
(48, 1, 1),
(175, 1, 1),
(174, 5, 1),
(174, 4, 1);

-- --------------------------------------------------------

--
-- Estructura de tabla para la tabla `menu`
--

CREATE TABLE `menu` (
  `id_menu` int(11) NOT NULL,
  `nombre` varchar(30) NOT NULL,
  `url` varchar(100) NOT NULL COMMENT 'ruta de la pagina',
  `tipo` int(11) NOT NULL
) ENGINE=InnoDB DEFAULT CHARSET=utf8;

-- --------------------------------------------------------

--
-- Estructura de tabla para la tabla `perfiles`
--

CREATE TABLE `perfiles` (
  `id_perfiles` int(11) NOT NULL,
  `id_usuario` int(11) NOT NULL,
  `id_menu` int(11) NOT NULL
) ENGINE=MyISAM DEFAULT CHARSET=utf8;

-- --------------------------------------------------------

--
-- Estructura de tabla para la tabla `preguntas`
--

CREATE TABLE `preguntas` (
  `id_pregunta` int(11) NOT NULL,
  `numero_pregunta` int(3) NOT NULL,
  `pregunta` varchar(200) NOT NULL,
  `bloque` varchar(100) NOT NULL,
  `total` int(11) NOT NULL,
  `id_seccion` int(11) NOT NULL,
  `visible` int(11) NOT NULL
) ENGINE=MyISAM DEFAULT CHARSET=utf8;

--
-- Volcado de datos para la tabla `preguntas`
--

INSERT INTO `preguntas` (`id_pregunta`, `numero_pregunta`, `pregunta`, `bloque`, `total`, `id_seccion`, `visible`) VALUES
(1, 1, '¿Tengo definida la finalidad de mi organización?', 'Misión', 50, 1, 1),
(2, 2, '¿La empresa cuenta con una visión a futuro de lo que quiere llegar a ser?', 'Visión', 50, 1, 1),
(3, 3, '¿Se tienen definidos un conjunto de valores organizacionales que regulan el comportamiento de los colaboradores?', 'Valores', 30, 1, 1),
(4, 4, '¿Se elaboran objetivos dentro de la organización?', 'Objetivos', 40, 1, 1),
(5, 5, '¿Existen políticas que guían las actividades dentro de la empresa? ', 'Políticas', 50, 1, 1),
(6, 6, '¿Existe por lo menos un procedimiento para alguna de las actividades dentro de su organización?', 'Procedimientos', 40, 1, 1),
(7, 7, '¿La organización tiene estipuladas condiciones para mantener el orden y buena convivencia entre sus integrantes?', 'Reglamento', 40, 1, 1),
(8, 8, '¿La organización cuenta con un presupuesto asignado a cada área?', 'Presupuesto', 30, 1, 1),
(9, 9, '¿La empresa cuenta con programas para la elaboración de actividades?', 'Programas', 40, 1, 1),
(10, 10, '¿Se tiene bien definidas las estrategias que implementará o implementa su organización?', 'Planeación Estratégica', 50, 1, 1),
(11, 1, '¿La organización tiene asignada las actividades por escrito para cada uno de los puestos de trabajo?', 'División de trabajo: Descripción de puestos', 50, 2, 1),
(12, 2, '¿Está organizada por medio de niveles jerárquicos en donde las funciones están agrupadas de acuerdo al grado de autoridad, responsabilidad e importancia?', 'División de trabajo: Jerarquización', 40, 2, 1),
(13, 3, '¿La organización tiene funciones y actividades las cuales están divididas y agrupadas en unidades específicas con objetivos a fines que se dirigen hacia el mismo propósito?', 'División de trabajo: Departamentalización', 40, 2, 1),
(14, 4, '¿Cada área o departamento tiene una recopilación ordenada de todos los factores y actividades que son necesarios para llevar a cabo sus tareas?', 'División de trabajo: Descripción de actividades', 30, 2, 1),
(15, 5, '¿La organización sincroniza los esfuerzos de todos los departamentos para llevar a cabo de manera eficiente las tareas, funciones o las actividades que los involucra?', 'Coordinación', 20, 2, 1),
(16, 1, '', 'Toma de decisiones', 50, 3, 0),
(17, 2, '', 'Motivación', 40, 3, 0),
(18, 3, '', 'Comunicación', 40, 3, 0),
(19, 4, '', 'Liderazgo', 50, 3, 0),
(20, 1, '¿La empresa cuenta con un sistema de control que supervisa, compara y corrige el desempeño laboral de la organización?', 'Establecimiento de estándares', 50, 4, 1),
(21, 2, '¿La empresa cuenta con un sistema para medir y detectar las acciones de los planes establecidos?', 'Medición y detección de desviaciones', 30, 4, 1),
(22, 3, '¿La organización cuenta con parámetros de variación aceptable entre el desempeño real y el estándar?', 'Correcciones', 30, 4, 1),
(23, 4, '¿Existe un control que entra en acción después de que la actividad laboral haya sido ejecutada?', 'Retroalimentación', 30, 4, 1),
(24, 1, '', 'Conocimiento de coaching y de consultoría', 30, 5, 0),
(25, 2, '', 'Ofrecimiento de retroalimentacion negativa eficaz', 60, 5, 0),
(26, 3, '', 'Comunicación de apoyo', 110, 5, 0),
(27, 1, '', 'Eliminación de factores estresantes', 48, 8, 0),
(28, 2, ' ', 'Desarrollo de elasticidad', 48, 8, 0),
(29, 3, ' ', 'Manejo a corto plazo', 24, 8, 0),
(30, 1, ' ', 'Solución analitítica de problemas', 60, 11, 0),
(31, 2, ' ', 'Solución creativa de problemas', 120, 11, 0),
(32, 3, ' ', 'Fomento de la creatividad', 84, 11, 0),
(33, 1, ' ', 'Pericia (Características personal) ', 24, 14, 0),
(34, 2, ' ', 'Atractivo interpersonal', 24, 14, 0),
(35, 3, ' ', 'Esfuerzo', 24, 14, 0),
(36, 4, ' ', 'Legitimidad', 24, 14, 0),
(37, 5, ' ', 'Centralidad (Características del puesto)', 24, 14, 0),
(38, 6, ' ', 'Visibilidad', 24, 14, 0),
(39, 7, ' ', 'Flexibilidad', 24, 14, 0),
(40, 8, ' ', 'Relevancia', 24, 14, 0),
(41, 9, ' ', 'Uso de la influencia', 60, 14, 0),
(42, 10, ' ', 'Resistencia a la influencia', 36, 14, 0),
(43, 11, ' ', 'Incremento de la autoridad', 48, 14, 0),
(44, 1, ' ', 'Castigo', 50, 25, 0),
(45, 2, ' ', 'Reciprocidad', 50, 25, 0),
(46, 3, ' ', 'Razón', 50, 25, 0),
(47, 1, ' ', 'Diagnóstico de problemas de desempeño', 24, 28, 0),
(48, 2, ' ', 'Establecimiento de expectativas y de metas', 24, 28, 0),
(49, 3, ' ', 'Facilitación del desempeño (habilidad para mejorar)', 36, 28, 0),
(50, 4, ' ', 'Vinculación del desempeño con las recompensas y la disciplina', 48, 28, 0),
(51, 5, ' ', 'Utilizar incentivos internos y externos relevantes', 48, 28, 0),
(52, 6, ' ', 'Distribuir las recompensas de manera equitativa', 24, 28, 0),
(53, 7, ' ', 'Dar retroalimentación oportuna y directa del desempeño', 36, 28, 0),
(54, 1, ' ', 'Iniciar una queja. Cuando veo que alguien está haciendo algo que necesita corregirse:', 96, 29, 0),
(55, 2, ' ', 'Responder a una crítica. Cuando alguien se queja de algo que he hecho:', 96, 29, 0),
(56, 3, ' ', 'Mediar un conflicto. Cuando dos o mas personas están en conflicto y yo soy el mediador: ', 96, 29, 0),
(57, 1, ' ', 'Experiencias de dominio personal', 24, 30, 0),
(58, 2, ' ', 'Modelamiento\r\n', 24, 30, 0),
(59, 3, ' ', 'Brindar apoyo\r\n', 24, 30, 0),
(60, 4, ' ', 'Activación de emociones positivas\r\n', 24, 30, 0),
(61, 5, ' ', 'Dar información\r\n', 24, 30, 0),
(62, 6, ' ', 'Ofrecer recursos\r\n', 24, 30, 0),
(63, 7, ' ', 'Organización de equipos\r\n', 24, 30, 0),
(64, 8, ' ', 'Generación de confianza\r\n', 24, 30, 0),
(65, 9, ' ', 'Delegación de trabajo. Al delegar el trabajo a los demás:', 120, 30, 0),
(66, 1, ' ', 'Autoeficacia (competencia)\r\n', 56, 31, 0),
(67, 2, ' ', 'Autodeterminación (elección)\r\n', 56, 31, 0),
(68, 3, ' ', 'Consecuencia personal (efecto)\r\n', 56, 31, 0),
(69, 4, ' ', 'Significado (valor)\r\n', 56, 31, 0),
(70, 5, ' ', 'Confianza (seguridad)\r\n', 56, 31, 0),
(74, 1, ' ', 'Necesidad de Formación de Equipos', 200, 33, 0),
(71, 1, ' ', 'Dirigir al equipo\r\n', 96, 32, 0),
(72, 2, ' ', 'Ser un miembro eficaz del equipo\r\n', 48, 32, 0),
(73, 3, ' ', 'Diagnosticar y facilitar el desarrollo del equipo\r\n', 96, 32, 0),
(75, 1, ' ', 'Capacidad personal para liderar un cambio positivo', 144, 34, 0),
(76, 2, ' ', 'Habilidad para movilizar a los demás hacia un cambio positivo', 48, 34, 0),
(77, 3, ' ', 'Capacidad para crear una desviación positiva en las organizaciones', 48, 34, 0);

-- --------------------------------------------------------

--
-- Estructura de tabla para la tabla `respuesta-preguntas`
--

CREATE TABLE `respuesta-preguntas` (
  `id_usuario` int(11) NOT NULL,
  `id_pregunta` int(11) NOT NULL,
  `id_seccion` int(11) NOT NULL,
  `valor` int(11) NOT NULL
) ENGINE=MyISAM DEFAULT CHARSET=utf8;

--
-- Volcado de datos para la tabla `respuesta-preguntas`
--

INSERT INTO `respuesta-preguntas` (`id_usuario`, `id_pregunta`, `id_seccion`, `valor`) VALUES
(3, 1, 1, 0),
(3, 2, 1, 10),
(3, 3, 1, 10),
(3, 4, 1, 10),
(3, 5, 1, 10),
(3, 6, 1, 10),
(3, 7, 1, 10),
(3, 12, 2, 10),
(3, 13, 2, 10),
(3, 14, 2, 10),
(3, 15, 2, 10),
(3, 20, 4, 10),
(3, 22, 4, 0),
(3, 23, 4, 0),
(4, 1, 1, 0),
(4, 2, 1, 0),
(4, 3, 1, 0),
(4, 4, 1, 0),
(4, 5, 1, 0),
(4, 6, 1, 0),
(4, 7, 1, 0),
(4, 8, 1, 0),
(4, 9, 1, 0),
(4, 10, 1, 0),
(14, 20, 4, 0),
(14, 21, 4, 10),
(14, 22, 4, 10),
(14, 23, 4, 10),
(14, 11, 2, 0),
(14, 12, 2, 0),
(14, 13, 2, 0),
(14, 14, 2, 0),
(14, 15, 2, 0),
(14, 1, 1, 0),
(14, 2, 1, 0),
(14, 3, 1, 0),
(14, 4, 1, 0),
(14, 5, 1, 0),
(14, 6, 1, 10),
(14, 7, 1, 10),
(14, 8, 1, 10),
(14, 9, 1, 10),
(14, 10, 1, 0),
(15, 1, 1, 10),
(15, 2, 1, 10),
(15, 3, 1, 10),
(15, 4, 1, 10),
(15, 5, 1, 10),
(15, 6, 1, 10),
(15, 7, 1, 10),
(15, 8, 1, 0),
(15, 9, 1, 10),
(15, 10, 1, 10),
(16, 1, 1, 10),
(16, 2, 1, 10),
(16, 3, 1, 10),
(16, 4, 1, 10),
(16, 5, 1, 10),
(16, 6, 1, 10),
(16, 7, 1, 10),
(16, 8, 1, 10),
(16, 9, 1, 10),
(16, 10, 1, 10),
(17, 1, 1, 10),
(18, 1, 1, 10),
(18, 2, 1, 10),
(18, 3, 1, 10),
(18, 4, 1, 0),
(18, 5, 1, 10),
(18, 6, 1, 10),
(18, 7, 1, 10),
(18, 8, 1, 10),
(18, 9, 1, 10),
(18, 10, 1, 10),
(19, 1, 1, 10),
(19, 2, 1, 10),
(19, 3, 1, 10),
(19, 4, 1, 10),
(19, 5, 1, 10),
(19, 6, 1, 10),
(19, 7, 1, 10),
(19, 8, 1, 10),
(19, 9, 1, 10),
(19, 10, 1, 10),
(21, 1, 1, 10),
(21, 2, 1, 10),
(21, 3, 1, 10),
(21, 4, 1, 10),
(21, 5, 1, 10),
(21, 6, 1, 10),
(21, 7, 1, 10),
(21, 8, 1, 10),
(21, 9, 1, 10),
(21, 10, 1, 10),
(21, 11, 2, 10),
(21, 12, 2, 10),
(21, 13, 2, 10),
(21, 14, 2, 10),
(21, 15, 2, 10),
(21, 20, 4, 10),
(21, 21, 4, 10),
(21, 22, 4, 10),
(21, 23, 4, 10),
(23, 1, 1, 10),
(23, 2, 1, 10),
(22, 1, 1, 10),
(24, 1, 1, 10),
(23, 3, 1, 10),
(24, 2, 1, 10),
(24, 4, 1, 10),
(24, 5, 1, 10),
(24, 3, 1, 10),
(24, 6, 1, 10),
(24, 7, 1, 10),
(24, 8, 1, 10),
(23, 4, 1, 10),
(23, 5, 1, 10),
(24, 9, 1, 10),
(23, 6, 1, 10),
(24, 10, 1, 0),
(24, 11, 2, 10),
(24, 12, 2, 10),
(24, 13, 2, 10),
(24, 14, 2, 10),
(23, 7, 1, 10),
(24, 15, 2, 10),
(23, 8, 1, 10),
(23, 9, 1, 10),
(23, 10, 1, 10),
(23, 11, 2, 10),
(23, 12, 2, 10),
(23, 13, 2, 10),
(23, 14, 2, 10),
(23, 15, 2, 10),
(24, 20, 4, 10),
(24, 21, 4, 10),
(24, 22, 4, 10),
(23, 20, 4, 10),
(23, 21, 4, 10),
(23, 22, 4, 10),
(23, 23, 4, 10),
(24, 23, 4, 10),
(25, 1, 1, 10),
(25, 2, 1, 10),
(25, 3, 1, 10),
(26, 1, 1, 10),
(26, 2, 1, 10),
(26, 3, 1, 10),
(26, 4, 1, 0),
(26, 5, 1, 10),
(26, 6, 1, 10),
(26, 7, 1, 10),
(26, 8, 1, 10),
(26, 9, 1, 10),
(26, 10, 1, 10),
(28, 1, 1, 10),
(28, 2, 1, 10),
(28, 3, 1, 10),
(28, 4, 1, 10),
(28, 5, 1, 10),
(28, 6, 1, 10),
(28, 7, 1, 10),
(28, 8, 1, 0),
(28, 9, 1, 10),
(28, 10, 1, 0),
(29, 1, 1, 10),
(29, 2, 1, 10),
(29, 3, 1, 10),
(29, 4, 1, 10),
(29, 5, 1, 10),
(29, 6, 1, 10),
(29, 7, 1, 10),
(29, 8, 1, 10),
(29, 9, 1, 10),
(30, 20, 4, 0),
(30, 21, 4, 0),
(30, 22, 4, 0),
(30, 23, 4, 0),
(29, 10, 1, 10),
(30, 1, 1, 0),
(30, 2, 1, 0),
(30, 3, 1, 10),
(30, 4, 1, 0),
(30, 5, 1, 0),
(30, 6, 1, 0),
(30, 7, 1, 0),
(30, 8, 1, 0),
(30, 9, 1, 0),
(30, 10, 1, 0),
(30, 11, 2, 10),
(29, 11, 2, 10),
(29, 12, 2, 10),
(29, 13, 2, 10),
(29, 14, 2, 10),
(29, 15, 2, 10),
(29, 20, 4, 10),
(31, 1, 1, 10),
(31, 2, 1, 10),
(31, 3, 1, 10),
(29, 21, 4, 10),
(29, 22, 4, 10),
(29, 23, 4, 10),
(31, 4, 1, 10),
(31, 5, 1, 10),
(31, 6, 1, 10),
(31, 7, 1, 10),
(31, 8, 1, 10),
(31, 9, 1, 10),
(31, 10, 1, 10),
(32, 1, 1, 10),
(32, 2, 1, 10),
(32, 3, 1, 10),
(32, 4, 1, 10),
(32, 5, 1, 10),
(32, 6, 1, 10),
(32, 7, 1, 10),
(32, 8, 1, 10),
(32, 9, 1, 10),
(32, 10, 1, 10),
(33, 1, 1, 10),
(33, 2, 1, 10),
(33, 3, 1, 10),
(33, 4, 1, 10),
(33, 5, 1, 10),
(33, 6, 1, 10),
(33, 7, 1, 10),
(33, 8, 1, 10),
(33, 9, 1, 10),
(33, 10, 1, 10),
(33, 11, 2, 10),
(33, 12, 2, 10),
(33, 13, 2, 10),
(33, 14, 2, 10),
(33, 15, 2, 10),
(33, 20, 4, 10),
(33, 21, 4, 10),
(33, 22, 4, 10),
(33, 23, 4, 10),
(34, 1, 1, 10),
(34, 2, 1, 10),
(34, 3, 1, 10),
(34, 4, 1, 10),
(34, 5, 1, 10),
(34, 6, 1, 10),
(34, 7, 1, 10),
(34, 8, 1, 10),
(34, 9, 1, 10),
(34, 10, 1, 10),
(34, 11, 2, 10),
(34, 12, 2, 10),
(34, 13, 2, 10),
(34, 14, 2, 10),
(34, 15, 2, 10),
(34, 20, 4, 10),
(34, 21, 4, 10),
(34, 22, 4, 10),
(34, 23, 4, 10),
(32, 11, 2, 10),
(32, 12, 2, 10),
(32, 13, 2, 10),
(32, 14, 2, 10),
(32, 15, 2, 10),
(32, 21, 4, 10),
(32, 22, 4, 10),
(32, 23, 4, 10),
(32, 20, 4, 10),
(36, 1, 1, 10),
(35, 1, 1, 10),
(36, 2, 1, 10),
(35, 2, 1, 10),
(35, 3, 1, 10),
(35, 4, 1, 10),
(36, 3, 1, 10),
(35, 5, 1, 0),
(36, 4, 1, 10),
(35, 6, 1, 10),
(36, 5, 1, 10),
(35, 7, 1, 10),
(36, 6, 1, 10),
(36, 7, 1, 10),
(35, 8, 1, 10),
(36, 8, 1, 10),
(35, 9, 1, 0),
(36, 9, 1, 10),
(36, 10, 1, 10),
(35, 10, 1, 10),
(36, 20, 4, 0),
(36, 21, 4, 0),
(36, 22, 4, 0),
(36, 23, 4, 0),
(36, 11, 2, 10),
(36, 12, 2, 10),
(36, 13, 2, 10),
(36, 14, 2, 10),
(36, 15, 2, 10),
(18, 11, 2, 0),
(18, 12, 2, 10),
(18, 13, 2, 10),
(18, 14, 2, 10),
(18, 15, 2, 10),
(18, 20, 4, 10),
(18, 21, 4, 0),
(18, 22, 4, 0),
(18, 23, 4, 0),
(37, 1, 1, 10),
(37, 2, 1, 10),
(37, 3, 1, 0),
(37, 4, 1, 10),
(37, 5, 1, 10),
(37, 6, 1, 0),
(37, 7, 1, 10),
(37, 8, 1, 10),
(37, 9, 1, 10),
(37, 10, 1, 10),
(38, 1, 1, 10),
(38, 2, 1, 10),
(38, 3, 1, 10),
(38, 4, 1, 10),
(38, 5, 1, 10),
(38, 6, 1, 10),
(38, 7, 1, 10),
(38, 8, 1, 0),
(38, 9, 1, 10),
(38, 10, 1, 10),
(38, 11, 2, 10),
(38, 12, 2, 10),
(38, 13, 2, 10),
(38, 14, 2, 10),
(38, 15, 2, 0),
(38, 20, 4, 10),
(38, 21, 4, 10),
(38, 22, 4, 0),
(38, 23, 4, 10),
(39, 1, 1, 10),
(39, 2, 1, 10),
(39, 3, 1, 10),
(39, 4, 1, 10),
(39, 5, 1, 10),
(39, 6, 1, 10),
(39, 7, 1, 10),
(39, 8, 1, 10),
(39, 9, 1, 10),
(39, 10, 1, 10),
(39, 11, 2, 10),
(39, 12, 2, 10),
(39, 13, 2, 10),
(39, 14, 2, 10),
(39, 15, 2, 10),
(39, 20, 4, 10),
(39, 21, 4, 10),
(39, 22, 4, 10),
(39, 23, 4, 10),
(40, 1, 1, 10),
(40, 2, 1, 10),
(40, 3, 1, 10),
(40, 4, 1, 10),
(40, 5, 1, 10),
(40, 6, 1, 10),
(40, 7, 1, 10),
(40, 8, 1, 10),
(40, 9, 1, 10),
(40, 10, 1, 10),
(40, 11, 2, 0),
(40, 12, 2, 10),
(40, 13, 2, 10),
(40, 14, 2, 0),
(40, 15, 2, 10),
(40, 20, 4, 10),
(40, 21, 4, 10),
(40, 22, 4, 10),
(40, 23, 4, 10),
(41, 1, 1, 10),
(41, 2, 1, 10),
(41, 3, 1, 10),
(41, 4, 1, 10),
(41, 5, 1, 10),
(41, 6, 1, 10),
(41, 7, 1, 10),
(41, 8, 1, 10),
(41, 9, 1, 10),
(41, 10, 1, 10),
(41, 11, 2, 10),
(41, 12, 2, 10),
(41, 13, 2, 10),
(41, 14, 2, 10),
(41, 15, 2, 10),
(41, 20, 4, 10),
(41, 21, 4, 10),
(41, 22, 4, 10),
(41, 23, 4, 10),
(42, 1, 1, 10),
(42, 2, 1, 10),
(42, 3, 1, 10),
(42, 4, 1, 10),
(42, 5, 1, 10),
(42, 6, 1, 10),
(42, 7, 1, 0),
(42, 8, 1, 10),
(42, 10, 1, 10),
(42, 9, 1, 10),
(42, 11, 2, 10),
(42, 12, 2, 0),
(42, 13, 2, 10),
(42, 14, 2, 0),
(42, 15, 2, 10),
(43, 1, 1, 0),
(43, 2, 1, 0),
(43, 3, 1, 0),
(43, 4, 1, 10),
(43, 5, 1, 10),
(43, 6, 1, 0),
(43, 7, 1, 0),
(43, 8, 1, 10),
(43, 9, 1, 10),
(43, 10, 1, 0),
(46, 1, 1, 10),
(46, 2, 1, 10),
(46, 3, 1, 10),
(46, 4, 1, 10),
(46, 5, 1, 10),
(46, 6, 1, 10),
(46, 7, 1, 10),
(46, 8, 1, 10),
(46, 9, 1, 10),
(46, 10, 1, 10),
(46, 11, 2, 10),
(46, 12, 2, 10),
(46, 13, 2, 10),
(46, 14, 2, 10),
(46, 15, 2, 10),
(46, 20, 4, 10),
(46, 21, 4, 10),
(46, 22, 4, 10),
(46, 23, 4, 10),
(43, 11, 2, 10),
(43, 12, 2, 10),
(43, 13, 2, 10),
(43, 14, 2, 10),
(43, 15, 2, 10),
(43, 20, 4, 10),
(43, 21, 4, 10),
(43, 22, 4, 10),
(43, 23, 4, 0),
(47, 1, 1, 0),
(47, 2, 1, 0),
(47, 3, 1, 0),
(47, 4, 1, 0),
(47, 5, 1, 0),
(47, 6, 1, 0),
(47, 7, 1, 0),
(47, 8, 1, 0),
(47, 9, 1, 0),
(47, 10, 1, 0),
(47, 11, 2, 0),
(47, 12, 2, 0),
(47, 13, 2, 0),
(47, 14, 2, 0),
(47, 15, 2, 0),
(47, 20, 4, 0),
(47, 21, 4, 0),
(47, 22, 4, 0),
(47, 23, 4, 0),
(48, 1, 1, 10),
(48, 2, 1, 10),
(48, 3, 1, 10),
(48, 4, 1, 10),
(48, 5, 1, 10),
(48, 6, 1, 10),
(48, 7, 1, 10),
(48, 8, 1, 10),
(48, 9, 1, 10),
(48, 10, 1, 10),
(42, 20, 4, 10),
(51, 1, 1, 10),
(51, 2, 1, 10),
(51, 5, 1, 0),
(51, 3, 1, 10),
(51, 6, 1, 0),
(51, 4, 1, 0),
(51, 7, 1, 0),
(51, 8, 1, 0),
(51, 9, 1, 0),
(51, 10, 1, 0),
(51, 0, 3, 10),
(174, 1, 1, 0),
(174, 2, 1, 0),
(174, 3, 1, 0),
(175, 1, 1, 0),
(175, 2, 1, 0),
(175, 3, 1, 0),
(175, 4, 1, 0),
(175, 5, 1, 0),
(175, 6, 1, 0),
(175, 7, 1, 0),
(175, 8, 1, 0),
(175, 9, 1, 0),
(175, 10, 1, 0),
(175, 11, 2, 10),
(174, 4, 1, 0),
(174, 5, 1, 0),
(174, 6, 1, 0),
(174, 7, 1, 0),
(174, 8, 1, 0),
(174, 9, 1, 0),
(174, 10, 1, 0),
(174, 11, 2, 0),
(174, 12, 2, 0),
(174, 13, 2, 0),
(174, 14, 2, 10),
(174, 15, 2, 10),
(176, 1, 1, 10),
(176, 2, 1, 10),
(176, 3, 1, 10),
(176, 11, 2, 10),
(174, 20, 4, 0),
(174, 21, 4, 0),
(174, 22, 4, 0),
(174, 23, 4, 0);

-- --------------------------------------------------------

--
-- Estructura de tabla para la tabla `respuesta-sub`
--

CREATE TABLE `respuesta-sub` (
  `id_usuario` int(11) NOT NULL,
  `id_pregunta` int(11) NOT NULL,
  `id_seccion` int(11) NOT NULL,
  `id_subpregunta` int(11) NOT NULL,
  `valor` int(11) NOT NULL,
  `posicion` int(11) NOT NULL
) ENGINE=MyISAM DEFAULT CHARSET=utf8;

--
-- Volcado de datos para la tabla `respuesta-sub`
--

INSERT INTO `respuesta-sub` (`id_usuario`, `id_pregunta`, `id_seccion`, `id_subpregunta`, `valor`, `posicion`) VALUES
(3, 20, 4, 85, 4, 2),
(3, 20, 4, 86, 6, 3),
(3, 20, 4, 87, 8, 4),
(3, 20, 4, 88, 10, 5),
(3, 20, 4, 89, 8, 4),
(3, 20, 4, 90, 2, 1),
(3, 20, 4, 91, 4, 2),
(3, 21, 4, 92, 2, 1),
(3, 21, 4, 93, 4, 2),
(3, 21, 4, 94, 4, 2),
(3, 21, 4, 95, 2, 1),
(3, 21, 4, 96, 4, 2),
(3, 21, 4, 97, 4, 2),
(4, 1, 1, 1, 0, 0),
(4, 1, 1, 2, 0, 0),
(4, 1, 1, 3, 0, 0),
(4, 1, 1, 4, 0, 0),
(14, 16, 3, 46, 2, 1),
(14, 16, 3, 47, 4, 2),
(14, 16, 3, 48, 6, 3),
(14, 16, 3, 49, 8, 4),
(14, 16, 3, 50, 10, 5),
(14, 17, 3, 51, 4, 2),
(14, 17, 3, 52, 6, 3),
(14, 17, 3, 53, 2, 1),
(14, 17, 3, 54, 10, 5),
(14, 18, 3, 58, 6, 3),
(14, 18, 3, 57, 8, 4),
(14, 18, 3, 56, 4, 2),
(14, 18, 3, 55, 6, 3),
(14, 19, 3, 59, 10, 5),
(14, 19, 3, 60, 6, 3),
(14, 19, 3, 61, 4, 2),
(14, 19, 3, 63, 4, 2),
(14, 19, 3, 62, 10, 5),
(14, 21, 4, 69, 6, 3),
(14, 21, 4, 68, 4, 2),
(14, 22, 4, 71, 8, 4),
(14, 22, 4, 70, 8, 4),
(14, 23, 4, 72, 6, 3),
(14, 23, 4, 73, 4, 2),
(14, 6, 1, 18, 4, 2),
(14, 6, 1, 19, 4, 2),
(14, 6, 1, 20, 4, 2),
(14, 7, 1, 21, 8, 4),
(14, 7, 1, 22, 6, 3),
(14, 7, 1, 23, 6, 3),
(14, 8, 1, 24, 6, 3),
(14, 8, 1, 25, 8, 4),
(14, 9, 1, 26, 8, 4),
(14, 9, 1, 27, 4, 2),
(14, 9, 1, 28, 6, 3),
(15, 1, 1, 1, 10, 5),
(15, 1, 1, 2, 10, 5),
(15, 1, 1, 3, 10, 5),
(15, 1, 1, 4, 10, 5),
(15, 2, 1, 5, 10, 5),
(15, 2, 1, 6, 10, 5),
(15, 2, 1, 7, 10, 5),
(15, 2, 1, 8, 10, 5),
(15, 3, 1, 9, 10, 5),
(15, 3, 1, 10, 10, 5),
(15, 4, 1, 11, 10, 5),
(15, 4, 1, 12, 10, 5),
(15, 4, 1, 13, 10, 5),
(15, 5, 1, 14, 10, 5),
(15, 5, 1, 15, 10, 5),
(15, 5, 1, 17, 10, 5),
(15, 5, 1, 16, 10, 5),
(15, 6, 1, 18, 6, 3),
(15, 6, 1, 19, 10, 5),
(15, 6, 1, 20, 10, 5),
(15, 7, 1, 21, 10, 5),
(15, 7, 1, 22, 10, 5),
(15, 7, 1, 23, 10, 5),
(15, 9, 1, 26, 10, 5),
(15, 9, 1, 27, 10, 5),
(15, 9, 1, 28, 10, 5),
(15, 10, 1, 29, 10, 5),
(15, 10, 1, 30, 10, 5),
(15, 10, 1, 31, 10, 5),
(15, 10, 1, 32, 10, 5),
(16, 1, 1, 2, 10, 5),
(16, 2, 1, 8, 10, 5),
(16, 3, 1, 10, 10, 5),
(16, 4, 1, 11, 10, 5),
(16, 5, 1, 17, 10, 5),
(16, 6, 1, 20, 10, 5),
(16, 7, 1, 23, 10, 5),
(16, 8, 1, 24, 10, 5),
(16, 9, 1, 28, 10, 5),
(17, 1, 1, 1, 10, 5),
(18, 1, 1, 1, 6, 3),
(18, 1, 1, 2, 8, 4),
(18, 1, 1, 3, 8, 4),
(18, 1, 1, 4, 6, 3),
(18, 2, 1, 5, 8, 4),
(18, 2, 1, 6, 8, 4),
(18, 2, 1, 7, 8, 4),
(18, 2, 1, 8, 8, 4),
(18, 3, 1, 9, 8, 4),
(18, 3, 1, 10, 8, 4),
(18, 5, 1, 14, 8, 4),
(18, 5, 1, 15, 8, 4),
(18, 5, 1, 16, 8, 4),
(18, 5, 1, 17, 2, 1),
(18, 6, 1, 18, 8, 4),
(18, 6, 1, 19, 8, 4),
(18, 6, 1, 20, 2, 1),
(18, 7, 1, 21, 8, 4),
(18, 7, 1, 22, 8, 4),
(18, 7, 1, 23, 8, 4),
(18, 8, 1, 24, 8, 4),
(18, 8, 1, 25, 8, 4),
(18, 9, 1, 26, 8, 4),
(18, 9, 1, 27, 8, 4),
(18, 9, 1, 28, 8, 4),
(18, 10, 1, 29, 4, 2),
(18, 10, 1, 30, 8, 4),
(18, 10, 1, 31, 8, 4),
(18, 10, 1, 32, 8, 4),
(19, 1, 1, 1, 10, 5),
(19, 1, 1, 2, 10, 5),
(19, 1, 1, 3, 10, 5),
(19, 1, 1, 4, 10, 5),
(19, 2, 1, 5, 10, 5),
(19, 2, 1, 6, 10, 5),
(19, 2, 1, 7, 10, 5),
(19, 2, 1, 8, 10, 5),
(19, 3, 1, 9, 10, 5),
(19, 3, 1, 10, 10, 5),
(19, 4, 1, 11, 10, 5),
(19, 4, 1, 12, 10, 5),
(19, 4, 1, 13, 10, 5),
(19, 5, 1, 14, 10, 5),
(19, 5, 1, 15, 10, 5),
(19, 5, 1, 16, 10, 5),
(19, 5, 1, 17, 10, 5),
(19, 6, 1, 18, 10, 5),
(19, 6, 1, 19, 10, 5),
(19, 6, 1, 20, 10, 5),
(19, 7, 1, 21, 10, 5),
(19, 7, 1, 22, 10, 5),
(19, 7, 1, 23, 10, 5),
(19, 8, 1, 24, 10, 5),
(19, 8, 1, 25, 10, 5),
(19, 9, 1, 26, 10, 5),
(19, 9, 1, 27, 10, 5),
(19, 9, 1, 28, 10, 5),
(19, 10, 1, 29, 10, 5),
(19, 10, 1, 30, 10, 5),
(19, 10, 1, 31, 10, 5),
(19, 10, 1, 32, 10, 5),
(21, 1, 1, 1, 10, 5),
(21, 1, 1, 2, 8, 4),
(21, 1, 1, 3, 8, 4),
(21, 1, 1, 4, 10, 5),
(21, 2, 1, 5, 10, 5),
(21, 2, 1, 6, 10, 5),
(21, 2, 1, 7, 8, 4),
(21, 2, 1, 8, 8, 4),
(21, 3, 1, 9, 10, 5),
(21, 3, 1, 10, 10, 5),
(21, 4, 1, 11, 10, 5),
(21, 4, 1, 12, 10, 5),
(21, 4, 1, 13, 8, 4),
(21, 5, 1, 14, 10, 5),
(21, 5, 1, 15, 10, 5),
(21, 5, 1, 16, 10, 5),
(21, 5, 1, 17, 10, 5),
(21, 6, 1, 18, 8, 4),
(21, 6, 1, 19, 10, 5),
(21, 6, 1, 20, 8, 4),
(21, 7, 1, 21, 10, 5),
(21, 7, 1, 22, 10, 5),
(21, 7, 1, 23, 10, 5),
(21, 8, 1, 24, 10, 5),
(21, 8, 1, 25, 10, 5),
(21, 9, 1, 26, 10, 5),
(21, 9, 1, 27, 10, 5),
(21, 9, 1, 28, 10, 5),
(21, 10, 1, 29, 8, 4),
(21, 10, 1, 30, 10, 5),
(21, 10, 1, 31, 10, 5),
(21, 10, 1, 32, 10, 5),
(21, 11, 2, 33, 10, 5),
(21, 11, 2, 34, 8, 4),
(21, 11, 2, 35, 10, 5),
(21, 11, 2, 36, 8, 4),
(21, 12, 2, 37, 8, 4),
(21, 12, 2, 38, 10, 5),
(21, 12, 2, 39, 10, 5),
(21, 13, 2, 40, 10, 5),
(21, 13, 2, 41, 10, 5),
(21, 13, 2, 42, 10, 5),
(21, 14, 2, 43, 10, 5),
(21, 14, 2, 44, 8, 4),
(21, 15, 2, 45, 8, 4),
(21, 16, 3, 46, 10, 5),
(21, 16, 3, 47, 8, 4),
(21, 16, 3, 48, 10, 5),
(21, 16, 3, 49, 10, 5),
(21, 16, 3, 50, 10, 5),
(21, 17, 3, 51, 8, 4),
(21, 17, 3, 52, 8, 4),
(21, 17, 3, 53, 8, 4),
(21, 17, 3, 54, 8, 4),
(21, 18, 3, 55, 10, 5),
(21, 18, 3, 56, 8, 4),
(21, 18, 3, 57, 8, 4),
(21, 18, 3, 58, 8, 4),
(21, 19, 3, 59, 10, 5),
(21, 19, 3, 60, 10, 5),
(21, 19, 3, 61, 8, 4),
(21, 19, 3, 62, 10, 5),
(21, 19, 3, 63, 10, 5),
(21, 20, 4, 64, 10, 5),
(21, 20, 4, 67, 10, 5),
(21, 20, 4, 66, 10, 5),
(21, 20, 4, 65, 10, 5),
(21, 21, 4, 69, 8, 4),
(21, 21, 4, 68, 10, 5),
(21, 22, 4, 71, 10, 5),
(21, 22, 4, 70, 10, 5),
(21, 23, 4, 72, 8, 4),
(21, 23, 4, 73, 8, 4),
(23, 1, 1, 1, 8, 4),
(23, 1, 1, 2, 8, 4),
(23, 1, 1, 3, 8, 4),
(23, 1, 1, 4, 6, 3),
(23, 2, 1, 5, 8, 4),
(23, 2, 1, 6, 8, 4),
(23, 2, 1, 8, 10, 5),
(23, 2, 1, 7, 10, 5),
(24, 1, 1, 1, 8, 4),
(24, 1, 1, 2, 8, 4),
(24, 1, 1, 3, 10, 5),
(24, 1, 1, 4, 8, 4),
(23, 3, 1, 9, 4, 2),
(23, 3, 1, 10, 10, 5),
(24, 2, 1, 5, 6, 3),
(24, 2, 1, 6, 8, 4),
(24, 2, 1, 7, 10, 5),
(24, 2, 1, 8, 8, 4),
(24, 4, 1, 11, 6, 3),
(24, 4, 1, 12, 8, 4),
(24, 4, 1, 13, 10, 5),
(24, 5, 1, 14, 8, 4),
(24, 5, 1, 15, 8, 4),
(24, 5, 1, 16, 6, 3),
(24, 5, 1, 17, 6, 3),
(24, 3, 1, 9, 10, 5),
(24, 3, 1, 10, 8, 4),
(24, 6, 1, 18, 8, 4),
(24, 6, 1, 19, 10, 5),
(24, 6, 1, 20, 6, 3),
(24, 7, 1, 21, 8, 4),
(24, 7, 1, 22, 10, 5),
(24, 7, 1, 23, 6, 3),
(24, 8, 1, 24, 10, 5),
(24, 8, 1, 25, 4, 2),
(23, 4, 1, 11, 8, 4),
(23, 4, 1, 12, 10, 5),
(23, 4, 1, 13, 8, 4),
(23, 5, 1, 14, 10, 5),
(24, 9, 1, 26, 10, 5),
(23, 5, 1, 15, 10, 5),
(24, 9, 1, 27, 6, 3),
(23, 5, 1, 16, 8, 4),
(23, 5, 1, 17, 6, 3),
(24, 9, 1, 28, 6, 3),
(23, 6, 1, 18, 8, 4),
(23, 6, 1, 19, 8, 4),
(23, 6, 1, 20, 10, 5),
(24, 11, 2, 33, 10, 5),
(24, 11, 2, 34, 8, 4),
(24, 11, 2, 35, 8, 4),
(24, 11, 2, 36, 8, 4),
(24, 12, 2, 37, 8, 4),
(24, 12, 2, 38, 10, 5),
(24, 12, 2, 39, 10, 5),
(24, 13, 2, 40, 8, 4),
(24, 13, 2, 41, 10, 5),
(24, 13, 2, 42, 10, 5),
(24, 14, 2, 43, 10, 5),
(23, 7, 1, 21, 10, 5),
(24, 14, 2, 44, 8, 4),
(23, 7, 1, 22, 8, 4),
(23, 7, 1, 23, 8, 4),
(24, 15, 2, 45, 10, 5),
(23, 8, 1, 24, 10, 5),
(23, 8, 1, 25, 10, 5),
(23, 9, 1, 27, 8, 4),
(23, 9, 1, 26, 10, 5),
(23, 9, 1, 28, 8, 4),
(24, 16, 3, 46, 6, 3),
(23, 10, 1, 29, 8, 4),
(24, 16, 3, 47, 8, 4),
(24, 16, 3, 48, 10, 5),
(23, 10, 1, 30, 8, 4),
(23, 10, 1, 31, 8, 4),
(24, 16, 3, 49, 8, 4),
(23, 10, 1, 32, 6, 3),
(24, 16, 3, 50, 6, 3),
(24, 17, 3, 51, 10, 5),
(24, 17, 3, 52, 8, 4),
(24, 17, 3, 53, 6, 3),
(24, 17, 3, 54, 8, 4),
(24, 18, 3, 55, 10, 5),
(24, 18, 3, 56, 8, 4),
(24, 18, 3, 57, 8, 4),
(24, 18, 3, 58, 10, 5),
(23, 11, 2, 36, 6, 3),
(24, 19, 3, 59, 10, 5),
(23, 11, 2, 35, 8, 4),
(24, 19, 3, 60, 10, 5),
(23, 11, 2, 34, 8, 4),
(24, 19, 3, 61, 10, 5),
(23, 11, 2, 33, 8, 4),
(24, 19, 3, 62, 6, 3),
(24, 19, 3, 63, 8, 4),
(23, 12, 2, 37, 8, 4),
(23, 12, 2, 38, 8, 4),
(23, 12, 2, 39, 6, 3),
(23, 13, 2, 40, 8, 4),
(23, 13, 2, 41, 10, 5),
(23, 13, 2, 42, 6, 3),
(23, 14, 2, 43, 8, 4),
(23, 14, 2, 44, 6, 3),
(23, 15, 2, 45, 8, 4),
(23, 16, 3, 46, 8, 4),
(23, 16, 3, 47, 8, 4),
(24, 20, 4, 64, 8, 4),
(23, 16, 3, 48, 6, 3),
(24, 20, 4, 67, 4, 2),
(23, 16, 3, 49, 6, 3),
(24, 20, 4, 66, 8, 4),
(23, 16, 3, 50, 6, 3),
(24, 20, 4, 65, 8, 4),
(23, 17, 3, 51, 10, 5),
(23, 17, 3, 52, 8, 4),
(24, 21, 4, 69, 8, 4),
(23, 17, 3, 53, 6, 3),
(24, 21, 4, 68, 8, 4),
(23, 17, 3, 54, 8, 4),
(23, 18, 3, 55, 8, 4),
(23, 18, 3, 56, 8, 4),
(24, 22, 4, 71, 6, 3),
(23, 18, 3, 57, 10, 5),
(24, 22, 4, 70, 8, 4),
(23, 18, 3, 58, 8, 4),
(23, 19, 3, 59, 10, 5),
(23, 19, 3, 60, 10, 5),
(23, 19, 3, 61, 8, 4),
(23, 19, 3, 62, 8, 4),
(23, 19, 3, 63, 8, 4),
(23, 20, 4, 64, 8, 4),
(23, 20, 4, 67, 8, 4),
(23, 20, 4, 66, 8, 4),
(23, 20, 4, 65, 8, 4),
(23, 21, 4, 69, 6, 3),
(23, 21, 4, 68, 8, 4),
(23, 22, 4, 71, 6, 3),
(23, 22, 4, 70, 8, 4),
(23, 23, 4, 72, 8, 4),
(23, 23, 4, 73, 8, 4),
(24, 23, 4, 72, 8, 4),
(24, 23, 4, 73, 8, 4),
(25, 1, 1, 1, 10, 5),
(25, 1, 1, 2, 10, 5),
(25, 1, 1, 3, 10, 5),
(25, 1, 1, 4, 8, 4),
(25, 2, 1, 5, 8, 4),
(25, 2, 1, 6, 6, 3),
(25, 2, 1, 7, 8, 4),
(25, 2, 1, 8, 10, 5),
(26, 1, 1, 1, 2, 1),
(26, 1, 1, 3, 4, 2),
(26, 1, 1, 2, 2, 1),
(26, 1, 1, 4, 2, 1),
(26, 2, 1, 5, 2, 1),
(26, 2, 1, 6, 2, 1),
(26, 2, 1, 7, 2, 1),
(26, 2, 1, 8, 2, 1),
(26, 3, 1, 9, 2, 1),
(26, 3, 1, 10, 2, 1),
(26, 5, 1, 14, 2, 1),
(26, 5, 1, 15, 2, 1),
(26, 5, 1, 16, 4, 2),
(26, 5, 1, 17, 6, 3),
(26, 6, 1, 18, 2, 1),
(26, 6, 1, 19, 2, 1),
(26, 6, 1, 20, 2, 1),
(26, 7, 1, 21, 2, 1),
(26, 7, 1, 22, 2, 1),
(26, 7, 1, 23, 2, 1),
(26, 8, 1, 24, 6, 3),
(26, 8, 1, 25, 4, 2),
(26, 9, 1, 26, 4, 2),
(26, 9, 1, 27, 4, 2),
(26, 9, 1, 28, 4, 2),
(26, 10, 1, 29, 2, 1),
(26, 10, 1, 30, 2, 1),
(26, 10, 1, 31, 2, 1),
(26, 10, 1, 32, 4, 2),
(28, 1, 1, 1, 8, 4),
(28, 1, 1, 2, 2, 1),
(28, 1, 1, 3, 8, 4),
(28, 1, 1, 4, 10, 5),
(28, 2, 1, 5, 6, 3),
(28, 2, 1, 6, 10, 5),
(28, 2, 1, 7, 6, 3),
(28, 2, 1, 8, 6, 3),
(28, 3, 1, 9, 2, 1),
(28, 3, 1, 10, 8, 4),
(28, 4, 1, 11, 10, 5),
(28, 4, 1, 12, 8, 4),
(28, 4, 1, 13, 2, 1),
(28, 5, 1, 14, 6, 3),
(28, 5, 1, 15, 10, 5),
(28, 5, 1, 16, 10, 5),
(28, 5, 1, 17, 2, 1),
(28, 6, 1, 18, 6, 3),
(28, 6, 1, 19, 2, 1),
(28, 6, 1, 20, 6, 3),
(28, 7, 1, 21, 8, 4),
(28, 7, 1, 22, 6, 3),
(28, 7, 1, 23, 2, 1),
(28, 10, 1, 29, 6, 3),
(28, 10, 1, 30, 6, 3),
(28, 10, 1, 31, 2, 1),
(28, 10, 1, 32, 8, 4),
(28, 9, 1, 26, 10, 5),
(28, 9, 1, 27, 2, 1),
(28, 9, 1, 28, 10, 5),
(29, 1, 1, 1, 10, 5),
(29, 1, 1, 2, 8, 4),
(29, 1, 1, 3, 8, 4),
(29, 1, 1, 4, 8, 4),
(29, 2, 1, 5, 10, 5),
(29, 2, 1, 6, 10, 5),
(29, 2, 1, 7, 8, 4),
(29, 2, 1, 8, 8, 4),
(29, 3, 1, 9, 8, 4),
(29, 3, 1, 10, 10, 5),
(29, 4, 1, 11, 10, 5),
(29, 4, 1, 12, 10, 5),
(29, 4, 1, 13, 10, 5),
(29, 5, 1, 14, 8, 4),
(29, 5, 1, 15, 8, 4),
(29, 5, 1, 16, 8, 4),
(29, 5, 1, 17, 6, 3),
(29, 6, 1, 18, 6, 3),
(29, 6, 1, 19, 6, 3),
(29, 6, 1, 20, 8, 4),
(29, 7, 1, 21, 10, 5),
(29, 7, 1, 22, 10, 5),
(29, 7, 1, 23, 10, 5),
(29, 8, 1, 24, 6, 3),
(29, 8, 1, 25, 6, 3),
(29, 9, 1, 26, 10, 5),
(29, 9, 1, 27, 10, 5),
(29, 9, 1, 28, 10, 5),
(29, 10, 1, 29, 8, 4),
(29, 10, 1, 30, 8, 4),
(29, 10, 1, 31, 8, 4),
(29, 10, 1, 32, 8, 4),
(30, 3, 1, 9, 6, 3),
(30, 3, 1, 10, 6, 3),
(30, 11, 2, 33, 4, 2),
(30, 11, 2, 34, 6, 3),
(30, 11, 2, 35, 2, 1),
(30, 11, 2, 36, 4, 2),
(29, 11, 2, 33, 6, 3),
(29, 11, 2, 34, 6, 3),
(29, 11, 2, 35, 6, 3),
(29, 11, 2, 36, 6, 3),
(29, 12, 2, 37, 6, 3),
(29, 12, 2, 38, 6, 3),
(29, 12, 2, 39, 6, 3),
(29, 13, 2, 40, 6, 3),
(29, 13, 2, 41, 8, 4),
(29, 13, 2, 42, 4, 2),
(29, 14, 2, 43, 4, 2),
(29, 14, 2, 44, 4, 2),
(29, 15, 2, 45, 6, 3),
(29, 16, 3, 46, 8, 4),
(29, 16, 3, 47, 10, 5),
(29, 16, 3, 48, 10, 5),
(29, 16, 3, 49, 10, 5),
(29, 16, 3, 50, 8, 4),
(29, 17, 3, 51, 10, 5),
(29, 17, 3, 52, 4, 2),
(29, 17, 3, 53, 4, 2),
(29, 17, 3, 54, 4, 2),
(29, 18, 3, 55, 10, 5),
(29, 18, 3, 56, 6, 3),
(29, 18, 3, 57, 6, 3),
(29, 18, 3, 58, 6, 3),
(29, 19, 3, 59, 10, 5),
(29, 19, 3, 60, 10, 5),
(29, 19, 3, 61, 10, 5),
(29, 19, 3, 62, 10, 5),
(29, 19, 3, 63, 10, 5),
(29, 20, 4, 64, 8, 4),
(29, 20, 4, 67, 8, 4),
(31, 2, 1, 5, 8, 4),
(29, 20, 4, 66, 6, 3),
(31, 2, 1, 6, 6, 3),
(31, 2, 1, 7, 6, 3),
(31, 2, 1, 8, 6, 3),
(31, 3, 1, 9, 4, 2),
(31, 3, 1, 10, 8, 4),
(29, 20, 4, 65, 8, 4),
(29, 21, 4, 69, 10, 5),
(29, 21, 4, 68, 10, 5),
(29, 22, 4, 71, 8, 4),
(29, 22, 4, 70, 8, 4),
(29, 23, 4, 72, 8, 4),
(29, 23, 4, 73, 8, 4),
(31, 1, 1, 1, 8, 4),
(31, 1, 1, 2, 6, 3),
(31, 1, 1, 3, 6, 3),
(31, 1, 1, 4, 4, 2),
(31, 4, 1, 11, 8, 4),
(31, 4, 1, 12, 8, 4),
(31, 4, 1, 13, 6, 3),
(31, 5, 1, 14, 2, 1),
(31, 5, 1, 15, 10, 5),
(31, 5, 1, 16, 6, 3),
(31, 5, 1, 17, 6, 3),
(31, 6, 1, 18, 6, 3),
(31, 6, 1, 19, 8, 4),
(31, 6, 1, 20, 8, 4),
(31, 7, 1, 21, 10, 5),
(31, 7, 1, 22, 10, 5),
(31, 7, 1, 23, 10, 5),
(31, 8, 1, 25, 2, 1),
(31, 8, 1, 24, 6, 3),
(31, 9, 1, 26, 8, 4),
(31, 9, 1, 27, 10, 5),
(31, 9, 1, 28, 10, 5),
(31, 10, 1, 29, 2, 1),
(31, 10, 1, 30, 6, 3),
(31, 10, 1, 31, 6, 3),
(31, 10, 1, 32, 8, 4),
(32, 1, 1, 1, 10, 5),
(32, 1, 1, 2, 10, 5),
(32, 1, 1, 3, 10, 5),
(32, 1, 1, 4, 10, 5),
(32, 2, 1, 5, 8, 4),
(32, 2, 1, 6, 10, 5),
(32, 2, 1, 7, 10, 5),
(32, 2, 1, 8, 10, 5),
(32, 3, 1, 9, 10, 5),
(32, 3, 1, 10, 8, 4),
(32, 4, 1, 11, 10, 5),
(32, 4, 1, 12, 10, 5),
(32, 4, 1, 13, 10, 5),
(32, 5, 1, 14, 10, 5),
(32, 5, 1, 15, 8, 4),
(32, 5, 1, 16, 10, 5),
(32, 5, 1, 17, 10, 5),
(32, 6, 1, 18, 10, 5),
(32, 6, 1, 20, 10, 5),
(32, 6, 1, 19, 10, 5),
(32, 7, 1, 21, 10, 5),
(32, 7, 1, 22, 10, 5),
(32, 7, 1, 23, 10, 5),
(32, 8, 1, 24, 10, 5),
(32, 8, 1, 25, 10, 5),
(32, 9, 1, 26, 10, 5),
(32, 9, 1, 27, 10, 5),
(32, 9, 1, 28, 10, 5),
(32, 10, 1, 29, 10, 5),
(32, 10, 1, 30, 10, 5),
(32, 10, 1, 31, 10, 5),
(32, 10, 1, 32, 10, 5),
(33, 1, 1, 1, 10, 5),
(33, 1, 1, 2, 10, 5),
(33, 1, 1, 3, 10, 5),
(33, 1, 1, 4, 8, 4),
(33, 2, 1, 5, 10, 5),
(33, 2, 1, 6, 10, 5),
(33, 2, 1, 7, 8, 4),
(33, 2, 1, 8, 10, 5),
(33, 3, 1, 9, 10, 5),
(33, 3, 1, 10, 10, 5),
(33, 4, 1, 11, 10, 5),
(33, 4, 1, 12, 10, 5),
(33, 4, 1, 13, 10, 5),
(33, 5, 1, 14, 10, 5),
(33, 5, 1, 15, 8, 4),
(33, 5, 1, 16, 10, 5),
(33, 5, 1, 17, 6, 3),
(33, 6, 1, 18, 10, 5),
(33, 6, 1, 19, 10, 5),
(33, 6, 1, 20, 8, 4),
(33, 7, 1, 21, 10, 5),
(33, 7, 1, 22, 10, 5),
(33, 7, 1, 23, 10, 5),
(33, 8, 1, 24, 10, 5),
(33, 8, 1, 25, 10, 5),
(33, 9, 1, 26, 10, 5),
(33, 9, 1, 27, 10, 5),
(33, 9, 1, 28, 10, 5),
(33, 10, 1, 29, 10, 5),
(33, 10, 1, 30, 8, 4),
(33, 10, 1, 31, 8, 4),
(33, 10, 1, 32, 8, 4),
(33, 11, 2, 33, 10, 5),
(33, 11, 2, 34, 8, 4),
(33, 11, 2, 35, 10, 5),
(33, 11, 2, 36, 8, 4),
(33, 12, 2, 37, 10, 5),
(33, 12, 2, 38, 8, 4),
(33, 12, 2, 39, 10, 5),
(33, 13, 2, 40, 10, 5),
(33, 13, 2, 41, 10, 5),
(33, 13, 2, 42, 10, 5),
(33, 14, 2, 43, 8, 4),
(33, 14, 2, 44, 6, 3),
(33, 15, 2, 45, 10, 5),
(33, 16, 3, 46, 10, 5),
(33, 16, 3, 47, 10, 5),
(33, 16, 3, 48, 10, 5),
(33, 16, 3, 49, 10, 5),
(33, 16, 3, 50, 10, 5),
(33, 17, 3, 51, 10, 5),
(33, 17, 3, 52, 10, 5),
(33, 17, 3, 53, 10, 5),
(33, 17, 3, 54, 10, 5),
(33, 18, 3, 55, 10, 5),
(33, 18, 3, 56, 10, 5),
(33, 18, 3, 57, 10, 5),
(33, 18, 3, 58, 10, 5),
(33, 19, 3, 59, 10, 5),
(33, 19, 3, 60, 10, 5),
(33, 19, 3, 61, 6, 3),
(33, 19, 3, 62, 8, 4),
(33, 19, 3, 63, 10, 5),
(33, 20, 4, 64, 10, 5),
(33, 20, 4, 67, 10, 5),
(33, 20, 4, 66, 10, 5),
(33, 20, 4, 65, 10, 5),
(33, 21, 4, 69, 10, 5),
(33, 21, 4, 68, 10, 5),
(33, 22, 4, 71, 8, 4),
(33, 22, 4, 70, 10, 5),
(33, 23, 4, 72, 10, 5),
(33, 23, 4, 73, 6, 3),
(34, 1, 1, 1, 6, 3),
(34, 1, 1, 2, 10, 5),
(34, 1, 1, 3, 10, 5),
(34, 1, 1, 4, 10, 5),
(34, 2, 1, 5, 10, 5),
(34, 2, 1, 6, 10, 5),
(34, 2, 1, 7, 10, 5),
(34, 2, 1, 8, 10, 5),
(34, 3, 1, 9, 10, 5),
(34, 3, 1, 10, 10, 5),
(34, 4, 1, 11, 10, 5),
(34, 4, 1, 12, 10, 5),
(34, 4, 1, 13, 10, 5),
(34, 5, 1, 14, 10, 5),
(34, 5, 1, 15, 10, 5),
(34, 5, 1, 16, 10, 5),
(34, 5, 1, 17, 10, 5),
(34, 6, 1, 18, 10, 5),
(34, 6, 1, 19, 10, 5),
(34, 6, 1, 20, 10, 5),
(34, 7, 1, 21, 10, 5),
(34, 7, 1, 22, 10, 5),
(34, 7, 1, 23, 10, 5),
(34, 8, 1, 24, 10, 5),
(34, 8, 1, 25, 10, 5),
(34, 9, 1, 26, 10, 5),
(34, 9, 1, 27, 10, 5),
(34, 9, 1, 28, 10, 5),
(34, 10, 1, 29, 10, 5),
(34, 10, 1, 30, 10, 5),
(34, 10, 1, 31, 10, 5),
(34, 10, 1, 32, 10, 5),
(34, 11, 2, 33, 10, 5),
(34, 11, 2, 34, 10, 5),
(34, 11, 2, 35, 10, 5),
(34, 11, 2, 36, 10, 5),
(34, 12, 2, 37, 10, 5),
(34, 12, 2, 38, 10, 5),
(34, 12, 2, 39, 10, 5),
(34, 13, 2, 40, 10, 5),
(34, 13, 2, 41, 10, 5),
(34, 13, 2, 42, 10, 5),
(34, 14, 2, 43, 10, 5),
(34, 14, 2, 44, 10, 5),
(34, 15, 2, 45, 10, 5),
(34, 16, 3, 46, 10, 5),
(34, 16, 3, 47, 10, 5),
(34, 16, 3, 48, 10, 5),
(34, 16, 3, 49, 10, 5),
(34, 16, 3, 50, 10, 5),
(34, 17, 3, 51, 10, 5),
(34, 17, 3, 52, 10, 5),
(34, 17, 3, 53, 10, 5),
(34, 17, 3, 54, 10, 5),
(34, 18, 3, 55, 10, 5),
(34, 18, 3, 56, 10, 5),
(34, 18, 3, 57, 10, 5),
(34, 18, 3, 58, 10, 5),
(34, 19, 3, 59, 10, 5),
(34, 19, 3, 60, 10, 5),
(34, 19, 3, 61, 10, 5),
(34, 19, 3, 62, 10, 5),
(34, 19, 3, 63, 10, 5),
(34, 20, 4, 64, 10, 5),
(34, 20, 4, 67, 10, 5),
(34, 20, 4, 66, 10, 5),
(34, 20, 4, 65, 10, 5),
(34, 21, 4, 69, 10, 5),
(34, 21, 4, 68, 10, 5),
(34, 22, 4, 71, 10, 5),
(34, 22, 4, 70, 10, 5),
(34, 23, 4, 72, 10, 5),
(34, 23, 4, 73, 10, 5),
(32, 11, 2, 33, 10, 5),
(32, 11, 2, 34, 8, 4),
(32, 11, 2, 35, 8, 4),
(32, 11, 2, 36, 8, 4),
(32, 12, 2, 37, 6, 3),
(32, 12, 2, 38, 10, 5),
(32, 12, 2, 39, 8, 4),
(32, 13, 2, 40, 10, 5),
(32, 13, 2, 42, 8, 4),
(32, 13, 2, 41, 10, 5),
(32, 14, 2, 43, 10, 5),
(32, 14, 2, 44, 10, 5),
(32, 15, 2, 45, 10, 5),
(32, 16, 3, 46, 10, 5),
(32, 16, 3, 47, 8, 4),
(32, 16, 3, 48, 10, 5),
(32, 16, 3, 49, 10, 5),
(32, 16, 3, 50, 10, 5),
(32, 17, 3, 51, 8, 4),
(32, 17, 3, 52, 8, 4),
(32, 17, 3, 53, 4, 2),
(32, 17, 3, 54, 4, 2),
(32, 18, 3, 55, 10, 5),
(32, 18, 3, 56, 10, 5),
(32, 18, 3, 57, 8, 4),
(32, 18, 3, 58, 8, 4),
(32, 19, 3, 59, 10, 5),
(32, 19, 3, 60, 6, 3),
(32, 19, 3, 61, 10, 5),
(32, 19, 3, 62, 8, 4),
(32, 19, 3, 63, 8, 4),
(32, 21, 4, 69, 10, 5),
(32, 21, 4, 68, 10, 5),
(32, 22, 4, 71, 8, 4),
(32, 22, 4, 70, 10, 5),
(32, 23, 4, 72, 8, 4),
(32, 23, 4, 73, 10, 5),
(32, 20, 4, 64, 10, 5),
(32, 20, 4, 67, 8, 4),
(32, 20, 4, 66, 10, 5),
(32, 20, 4, 65, 10, 5),
(36, 1, 1, 1, 10, 5),
(36, 1, 1, 2, 10, 5),
(36, 1, 1, 3, 10, 5),
(35, 1, 1, 1, 8, 4),
(36, 1, 1, 4, 10, 5),
(35, 1, 1, 2, 8, 4),
(36, 2, 1, 5, 8, 4),
(35, 1, 1, 3, 10, 5),
(36, 2, 1, 6, 8, 4),
(35, 1, 1, 4, 8, 4),
(36, 2, 1, 7, 6, 3),
(36, 2, 1, 8, 8, 4),
(35, 2, 1, 5, 10, 5),
(35, 2, 1, 6, 10, 5),
(35, 2, 1, 7, 8, 4),
(35, 2, 1, 8, 8, 4),
(35, 3, 1, 9, 10, 5),
(35, 3, 1, 10, 10, 5),
(35, 4, 1, 11, 8, 4),
(35, 4, 1, 12, 8, 4),
(35, 4, 1, 13, 10, 5),
(36, 3, 1, 9, 8, 4),
(36, 3, 1, 10, 8, 4),
(36, 4, 1, 11, 10, 5),
(36, 4, 1, 12, 8, 4),
(36, 4, 1, 13, 6, 3),
(35, 6, 1, 18, 4, 2),
(35, 6, 1, 19, 10, 5),
(36, 5, 1, 14, 10, 5),
(36, 5, 1, 15, 10, 5),
(36, 5, 1, 16, 8, 4),
(35, 6, 1, 20, 8, 4),
(36, 5, 1, 17, 8, 4),
(35, 7, 1, 21, 10, 5),
(36, 6, 1, 18, 6, 3),
(36, 6, 1, 19, 8, 4),
(36, 6, 1, 20, 6, 3),
(35, 7, 1, 22, 8, 4),
(35, 7, 1, 23, 6, 3),
(36, 7, 1, 21, 8, 4),
(36, 7, 1, 22, 8, 4),
(35, 8, 1, 24, 6, 3),
(36, 7, 1, 23, 6, 3),
(35, 8, 1, 25, 10, 5),
(36, 8, 1, 24, 8, 4),
(36, 8, 1, 25, 8, 4),
(36, 9, 1, 26, 10, 5),
(36, 9, 1, 27, 8, 4),
(36, 9, 1, 28, 8, 4),
(36, 10, 1, 29, 10, 5),
(36, 10, 1, 30, 8, 4),
(35, 10, 1, 29, 8, 4),
(36, 10, 1, 31, 8, 4),
(36, 10, 1, 32, 8, 4),
(35, 10, 1, 30, 8, 4),
(35, 10, 1, 31, 8, 4),
(35, 10, 1, 32, 10, 5),
(36, 16, 3, 46, 10, 5),
(36, 16, 3, 47, 8, 4),
(36, 16, 3, 48, 8, 4),
(36, 16, 3, 49, 8, 4),
(36, 16, 3, 50, 8, 4),
(36, 17, 3, 51, 10, 5),
(36, 17, 3, 52, 8, 4),
(36, 17, 3, 53, 8, 4),
(36, 17, 3, 54, 10, 5),
(36, 18, 3, 55, 8, 4),
(36, 18, 3, 56, 8, 4),
(36, 18, 3, 57, 6, 3),
(36, 18, 3, 58, 6, 3),
(36, 19, 3, 59, 10, 5),
(36, 19, 3, 60, 10, 5),
(36, 19, 3, 61, 8, 4),
(36, 19, 3, 62, 8, 4),
(36, 19, 3, 63, 6, 3),
(36, 11, 2, 33, 8, 4),
(36, 11, 2, 34, 8, 4),
(36, 11, 2, 35, 8, 4),
(36, 11, 2, 36, 6, 3),
(36, 12, 2, 37, 10, 5),
(36, 12, 2, 38, 8, 4),
(36, 12, 2, 39, 8, 4),
(36, 13, 2, 40, 10, 5),
(36, 13, 2, 41, 10, 5),
(36, 13, 2, 42, 10, 5),
(36, 14, 2, 43, 8, 4),
(36, 14, 2, 44, 8, 4),
(36, 15, 2, 45, 8, 4),
(18, 12, 2, 37, 8, 4),
(18, 12, 2, 38, 8, 4),
(18, 12, 2, 39, 8, 4),
(18, 13, 2, 40, 8, 4),
(18, 13, 2, 41, 8, 4),
(18, 13, 2, 42, 8, 4),
(18, 14, 2, 43, 8, 4),
(18, 14, 2, 44, 6, 3),
(18, 15, 2, 45, 8, 4),
(18, 16, 3, 46, 6, 3),
(18, 16, 3, 47, 8, 4),
(18, 16, 3, 48, 8, 4),
(18, 16, 3, 49, 6, 3),
(18, 16, 3, 50, 6, 3),
(18, 17, 3, 51, 6, 3),
(18, 17, 3, 52, 8, 4),
(18, 17, 3, 53, 8, 4),
(18, 17, 3, 54, 6, 3),
(18, 18, 3, 55, 4, 2),
(18, 18, 3, 56, 8, 4),
(18, 18, 3, 57, 8, 4),
(18, 18, 3, 58, 8, 4),
(18, 19, 3, 59, 8, 4),
(18, 19, 3, 60, 6, 3),
(18, 19, 3, 61, 8, 4),
(18, 19, 3, 62, 8, 4),
(18, 19, 3, 63, 8, 4),
(18, 20, 4, 64, 8, 4),
(18, 20, 4, 67, 6, 3),
(18, 20, 4, 66, 6, 3),
(18, 20, 4, 65, 8, 4),
(37, 1, 1, 1, 6, 3),
(37, 1, 1, 2, 8, 4),
(37, 1, 1, 3, 10, 5),
(37, 1, 1, 4, 10, 5),
(37, 2, 1, 5, 10, 5),
(37, 2, 1, 6, 10, 5),
(37, 2, 1, 7, 10, 5),
(37, 2, 1, 8, 10, 5),
(37, 4, 1, 11, 10, 5),
(37, 4, 1, 12, 10, 5),
(37, 4, 1, 13, 10, 5),
(37, 5, 1, 14, 10, 5),
(37, 5, 1, 15, 8, 4),
(37, 5, 1, 16, 6, 3),
(37, 5, 1, 17, 10, 5),
(37, 7, 1, 21, 10, 5),
(37, 7, 1, 22, 10, 5),
(37, 7, 1, 23, 10, 5),
(37, 8, 1, 24, 10, 5),
(37, 8, 1, 25, 10, 5),
(37, 9, 1, 26, 10, 5),
(37, 9, 1, 27, 10, 5),
(37, 9, 1, 28, 10, 5),
(37, 10, 1, 29, 8, 4),
(37, 10, 1, 30, 10, 5),
(37, 10, 1, 31, 6, 3),
(37, 10, 1, 32, 8, 4),
(38, 1, 1, 1, 10, 5),
(38, 1, 1, 2, 8, 4),
(38, 1, 1, 3, 8, 4),
(38, 1, 1, 4, 6, 3),
(38, 2, 1, 5, 10, 5),
(38, 2, 1, 6, 10, 5),
(38, 2, 1, 7, 8, 4),
(38, 2, 1, 8, 8, 4),
(38, 3, 1, 9, 10, 5),
(38, 3, 1, 10, 8, 4),
(38, 4, 1, 11, 8, 4),
(38, 4, 1, 12, 6, 3),
(38, 4, 1, 13, 8, 4),
(38, 5, 1, 14, 6, 3),
(38, 5, 1, 15, 6, 3),
(38, 5, 1, 16, 6, 3),
(38, 5, 1, 17, 6, 3),
(38, 6, 1, 18, 8, 4),
(38, 6, 1, 19, 8, 4),
(38, 6, 1, 20, 6, 3),
(38, 7, 1, 21, 8, 4),
(38, 7, 1, 22, 10, 5),
(38, 7, 1, 23, 6, 3),
(38, 9, 1, 26, 8, 4),
(38, 9, 1, 27, 8, 4),
(38, 9, 1, 28, 8, 4),
(38, 10, 1, 29, 8, 4),
(38, 10, 1, 31, 6, 3),
(38, 10, 1, 32, 8, 4),
(38, 10, 1, 30, 8, 4),
(38, 11, 2, 33, 8, 4),
(38, 11, 2, 34, 8, 4),
(38, 11, 2, 35, 8, 4),
(38, 11, 2, 36, 10, 5),
(38, 12, 2, 37, 4, 2),
(38, 12, 2, 38, 8, 4),
(38, 12, 2, 39, 8, 4),
(38, 13, 2, 40, 4, 2),
(38, 13, 2, 41, 8, 4),
(38, 13, 2, 42, 4, 2),
(38, 14, 2, 43, 8, 4),
(38, 14, 2, 44, 4, 2),
(38, 16, 3, 46, 8, 4),
(38, 16, 3, 47, 8, 4),
(38, 16, 3, 48, 8, 4),
(38, 16, 3, 49, 8, 4),
(38, 16, 3, 50, 6, 3),
(38, 17, 3, 51, 6, 3),
(38, 17, 3, 52, 2, 1),
(38, 17, 3, 53, 2, 1),
(38, 17, 3, 54, 2, 1),
(38, 18, 3, 55, 4, 2),
(38, 18, 3, 56, 6, 3),
(38, 18, 3, 57, 8, 4),
(38, 18, 3, 58, 10, 5),
(38, 19, 3, 59, 8, 4),
(38, 19, 3, 60, 8, 4),
(38, 19, 3, 61, 8, 4),
(38, 19, 3, 62, 6, 3),
(38, 19, 3, 63, 8, 4),
(38, 20, 4, 64, 6, 3),
(38, 20, 4, 67, 8, 4),
(38, 20, 4, 66, 6, 3),
(38, 20, 4, 65, 6, 3),
(38, 21, 4, 69, 6, 3),
(38, 21, 4, 68, 8, 4),
(38, 23, 4, 72, 8, 4),
(38, 23, 4, 73, 4, 2),
(39, 1, 1, 1, 10, 5),
(39, 1, 1, 2, 10, 5),
(39, 1, 1, 3, 10, 5),
(39, 1, 1, 4, 8, 4),
(39, 2, 1, 5, 10, 5),
(39, 2, 1, 6, 10, 5),
(39, 2, 1, 7, 8, 4),
(39, 2, 1, 8, 10, 5),
(39, 3, 1, 9, 8, 4),
(39, 3, 1, 10, 10, 5),
(39, 4, 1, 11, 10, 5),
(39, 4, 1, 12, 10, 5),
(39, 4, 1, 13, 8, 4),
(39, 5, 1, 14, 10, 5),
(39, 5, 1, 15, 10, 5),
(39, 5, 1, 16, 10, 5),
(39, 5, 1, 17, 8, 4),
(39, 6, 1, 18, 10, 5),
(39, 6, 1, 19, 10, 5),
(39, 6, 1, 20, 8, 4),
(39, 7, 1, 21, 10, 5),
(39, 7, 1, 22, 10, 5),
(39, 7, 1, 23, 10, 5),
(39, 8, 1, 24, 10, 5),
(39, 8, 1, 25, 10, 5),
(39, 9, 1, 26, 10, 5),
(39, 9, 1, 27, 10, 5),
(39, 9, 1, 28, 8, 4),
(39, 10, 1, 29, 8, 4),
(39, 10, 1, 30, 10, 5),
(39, 10, 1, 31, 10, 5),
(39, 10, 1, 32, 10, 5),
(39, 11, 2, 33, 10, 5),
(39, 11, 2, 34, 10, 5),
(39, 11, 2, 35, 10, 5),
(39, 11, 2, 36, 10, 5),
(39, 12, 2, 37, 8, 4),
(39, 12, 2, 38, 10, 5),
(39, 12, 2, 39, 10, 5),
(39, 13, 2, 40, 10, 5),
(39, 13, 2, 41, 10, 5),
(39, 13, 2, 42, 10, 5),
(39, 14, 2, 43, 10, 5),
(39, 14, 2, 44, 10, 5),
(39, 15, 2, 45, 8, 4),
(39, 16, 3, 46, 10, 5),
(39, 16, 3, 47, 8, 4),
(39, 16, 3, 48, 10, 5),
(39, 16, 3, 49, 10, 5),
(39, 16, 3, 50, 10, 5),
(39, 17, 3, 51, 10, 5),
(39, 17, 3, 52, 10, 5),
(39, 17, 3, 53, 8, 4),
(39, 17, 3, 54, 10, 5),
(39, 18, 3, 55, 10, 5),
(39, 18, 3, 56, 10, 5),
(39, 18, 3, 57, 10, 5),
(39, 18, 3, 58, 10, 5),
(39, 19, 3, 59, 10, 5),
(39, 19, 3, 60, 10, 5),
(39, 19, 3, 61, 10, 5),
(39, 19, 3, 62, 10, 5),
(39, 19, 3, 63, 10, 5),
(39, 20, 4, 64, 10, 5),
(39, 20, 4, 67, 10, 5),
(39, 20, 4, 66, 10, 5),
(39, 20, 4, 65, 10, 5),
(39, 21, 4, 69, 8, 4),
(39, 21, 4, 68, 10, 5),
(39, 22, 4, 71, 10, 5),
(39, 22, 4, 70, 10, 5),
(39, 23, 4, 72, 10, 5),
(39, 23, 4, 73, 10, 5),
(40, 1, 1, 1, 10, 5),
(40, 1, 1, 2, 10, 5),
(40, 1, 1, 4, 10, 5),
(40, 1, 1, 3, 10, 5),
(40, 2, 1, 5, 10, 5),
(40, 2, 1, 6, 10, 5),
(40, 2, 1, 7, 8, 4),
(40, 2, 1, 8, 10, 5),
(40, 3, 1, 9, 10, 5),
(40, 3, 1, 10, 10, 5),
(40, 4, 1, 11, 10, 5),
(40, 4, 1, 12, 8, 4),
(40, 4, 1, 13, 10, 5),
(40, 5, 1, 14, 4, 2),
(40, 5, 1, 15, 10, 5),
(40, 5, 1, 16, 8, 4),
(40, 5, 1, 17, 6, 3),
(40, 6, 1, 18, 10, 5),
(40, 6, 1, 19, 10, 5),
(40, 6, 1, 20, 10, 5),
(40, 7, 1, 21, 10, 5),
(40, 7, 1, 22, 10, 5),
(40, 7, 1, 23, 6, 3),
(40, 8, 1, 24, 10, 5),
(40, 8, 1, 25, 2, 1),
(40, 9, 1, 26, 10, 5),
(40, 9, 1, 27, 6, 3),
(40, 9, 1, 28, 10, 5),
(40, 10, 1, 29, 2, 1),
(40, 10, 1, 30, 10, 5),
(40, 10, 1, 32, 10, 5),
(40, 10, 1, 31, 10, 5),
(40, 12, 2, 37, 10, 5),
(40, 12, 2, 38, 10, 5),
(40, 12, 2, 39, 10, 5),
(40, 13, 2, 40, 10, 5),
(40, 13, 2, 41, 10, 5),
(40, 13, 2, 42, 10, 5),
(40, 15, 2, 45, 10, 5),
(40, 16, 3, 46, 10, 5),
(40, 16, 3, 47, 10, 5),
(40, 16, 3, 48, 10, 5),
(40, 16, 3, 49, 10, 5),
(40, 16, 3, 50, 10, 5),
(40, 17, 3, 51, 10, 5),
(40, 17, 3, 52, 10, 5),
(40, 17, 3, 53, 10, 5),
(40, 17, 3, 54, 10, 5),
(40, 18, 3, 55, 10, 5),
(40, 18, 3, 56, 10, 5),
(40, 18, 3, 57, 10, 5),
(40, 18, 3, 58, 10, 5),
(40, 19, 3, 63, 10, 5),
(40, 19, 3, 62, 10, 5),
(40, 19, 3, 61, 10, 5),
(40, 19, 3, 60, 10, 5),
(40, 19, 3, 59, 10, 5),
(40, 20, 4, 64, 10, 5),
(40, 20, 4, 67, 10, 5),
(40, 20, 4, 66, 10, 5),
(40, 20, 4, 65, 10, 5),
(40, 21, 4, 69, 10, 5),
(40, 21, 4, 68, 2, 1),
(40, 22, 4, 71, 10, 5),
(40, 22, 4, 70, 10, 5),
(40, 23, 4, 72, 10, 5),
(40, 23, 4, 73, 6, 3),
(41, 1, 1, 1, 10, 5),
(41, 1, 1, 2, 10, 5),
(41, 1, 1, 3, 10, 5),
(41, 1, 1, 4, 10, 5),
(41, 2, 1, 5, 10, 5),
(41, 2, 1, 6, 10, 5),
(41, 2, 1, 7, 10, 5),
(41, 2, 1, 8, 10, 5),
(41, 3, 1, 9, 10, 5),
(41, 3, 1, 10, 10, 5),
(41, 4, 1, 11, 8, 4),
(41, 4, 1, 12, 8, 4),
(41, 4, 1, 13, 10, 5),
(41, 5, 1, 14, 10, 5),
(41, 5, 1, 15, 10, 5),
(41, 5, 1, 16, 10, 5),
(41, 5, 1, 17, 8, 4),
(41, 6, 1, 18, 10, 5),
(41, 6, 1, 19, 10, 5),
(41, 6, 1, 20, 10, 5),
(41, 7, 1, 21, 10, 5),
(41, 7, 1, 22, 10, 5),
(41, 7, 1, 23, 10, 5),
(41, 8, 1, 24, 10, 5),
(41, 8, 1, 25, 8, 4),
(41, 9, 1, 26, 10, 5),
(41, 9, 1, 27, 10, 5),
(41, 9, 1, 28, 10, 5),
(41, 10, 1, 29, 10, 5),
(41, 10, 1, 30, 10, 5),
(41, 10, 1, 32, 10, 5),
(41, 10, 1, 31, 10, 5),
(41, 11, 2, 33, 10, 5),
(41, 11, 2, 34, 10, 5),
(41, 11, 2, 35, 10, 5),
(41, 11, 2, 36, 10, 5),
(41, 12, 2, 37, 8, 4),
(41, 12, 2, 38, 10, 5),
(41, 12, 2, 39, 10, 5),
(41, 13, 2, 40, 10, 5),
(41, 13, 2, 41, 10, 5),
(41, 13, 2, 42, 10, 5),
(41, 14, 2, 43, 10, 5),
(41, 14, 2, 44, 10, 5),
(41, 15, 2, 45, 10, 5),
(41, 16, 3, 46, 10, 5),
(41, 16, 3, 47, 10, 5),
(41, 16, 3, 48, 10, 5),
(41, 16, 3, 49, 10, 5),
(41, 16, 3, 50, 10, 5),
(41, 17, 3, 51, 8, 4),
(41, 17, 3, 52, 10, 5),
(41, 17, 3, 53, 10, 5),
(41, 17, 3, 54, 10, 5),
(41, 18, 3, 55, 8, 4),
(41, 18, 3, 56, 8, 4),
(41, 18, 3, 57, 8, 4),
(41, 18, 3, 58, 8, 4),
(41, 19, 3, 59, 10, 5),
(41, 19, 3, 60, 8, 4),
(41, 19, 3, 61, 10, 5),
(41, 19, 3, 62, 10, 5),
(41, 19, 3, 63, 10, 5),
(41, 20, 4, 64, 10, 5),
(41, 20, 4, 67, 10, 5),
(41, 20, 4, 66, 8, 4),
(41, 20, 4, 65, 8, 4),
(41, 21, 4, 69, 8, 4),
(41, 21, 4, 68, 8, 4),
(41, 22, 4, 71, 10, 5),
(41, 22, 4, 70, 10, 5),
(41, 23, 4, 73, 10, 5),
(41, 23, 4, 72, 10, 5),
(42, 1, 1, 1, 4, 2),
(42, 1, 1, 2, 4, 2),
(42, 1, 1, 3, 4, 2),
(42, 1, 1, 4, 4, 2),
(42, 2, 1, 7, 6, 3),
(42, 2, 1, 5, 6, 3),
(42, 2, 1, 6, 6, 3),
(42, 2, 1, 8, 6, 3),
(42, 3, 1, 10, 2, 1),
(42, 3, 1, 9, 2, 1),
(42, 4, 1, 11, 2, 1),
(42, 4, 1, 13, 2, 1),
(42, 4, 1, 12, 2, 1),
(42, 5, 1, 14, 4, 2),
(42, 5, 1, 15, 4, 2),
(42, 5, 1, 16, 4, 2),
(42, 5, 1, 17, 4, 2),
(42, 6, 1, 18, 4, 2),
(42, 6, 1, 19, 4, 2),
(42, 6, 1, 20, 4, 2),
(42, 8, 1, 24, 2, 1),
(42, 8, 1, 25, 2, 1),
(42, 10, 1, 30, 4, 2),
(42, 10, 1, 31, 4, 2),
(42, 10, 1, 32, 4, 2),
(42, 10, 1, 29, 4, 2),
(42, 9, 1, 26, 6, 3),
(42, 9, 1, 27, 4, 2),
(42, 9, 1, 28, 4, 2),
(42, 11, 2, 33, 4, 2),
(42, 11, 2, 34, 4, 2),
(42, 11, 2, 35, 4, 2),
(42, 11, 2, 36, 4, 2),
(42, 13, 2, 42, 4, 2),
(42, 13, 2, 41, 4, 2),
(42, 13, 2, 40, 4, 2),
(42, 15, 2, 45, 6, 3),
(42, 16, 3, 46, 4, 2),
(42, 16, 3, 47, 8, 4),
(42, 16, 3, 48, 4, 2),
(42, 16, 3, 49, 6, 3),
(42, 16, 3, 50, 4, 2),
(43, 4, 1, 11, 2, 1),
(43, 4, 1, 12, 2, 1),
(43, 4, 1, 13, 4, 2),
(43, 5, 1, 14, 6, 3),
(43, 5, 1, 15, 6, 3),
(43, 5, 1, 16, 6, 3),
(43, 5, 1, 17, 6, 3),
(43, 8, 1, 24, 6, 3),
(43, 8, 1, 25, 6, 3),
(43, 9, 1, 26, 2, 1),
(43, 9, 1, 27, 8, 4),
(43, 9, 1, 28, 8, 4),
(42, 17, 3, 51, 2, 1),
(42, 17, 3, 52, 2, 1),
(42, 17, 3, 53, 2, 1),
(42, 17, 3, 54, 2, 1),
(42, 18, 3, 55, 4, 2),
(42, 18, 3, 57, 4, 2),
(42, 18, 3, 58, 4, 2),
(42, 18, 3, 56, 4, 2),
(42, 19, 3, 60, 4, 2),
(42, 19, 3, 59, 4, 2),
(42, 19, 3, 61, 4, 2),
(42, 19, 3, 62, 4, 2),
(42, 19, 3, 63, 4, 2),
(46, 1, 1, 1, 8, 4),
(46, 1, 1, 2, 6, 3),
(46, 1, 1, 3, 8, 4),
(46, 1, 1, 4, 6, 3),
(46, 2, 1, 5, 8, 4),
(46, 2, 1, 6, 8, 4),
(46, 2, 1, 7, 6, 3),
(46, 2, 1, 8, 8, 4),
(46, 3, 1, 9, 8, 4),
(46, 3, 1, 10, 6, 3),
(46, 4, 1, 11, 8, 4),
(46, 4, 1, 12, 4, 2),
(46, 4, 1, 13, 6, 3),
(46, 5, 1, 14, 8, 4),
(46, 5, 1, 15, 8, 4),
(46, 5, 1, 16, 6, 3),
(46, 5, 1, 17, 8, 4),
(46, 6, 1, 18, 8, 4),
(46, 6, 1, 19, 8, 4),
(46, 6, 1, 20, 8, 4),
(46, 7, 1, 21, 8, 4),
(46, 7, 1, 22, 8, 4),
(46, 7, 1, 23, 6, 3),
(46, 8, 1, 24, 8, 4),
(46, 8, 1, 25, 6, 3),
(46, 9, 1, 26, 6, 3),
(46, 9, 1, 28, 6, 3),
(46, 9, 1, 27, 6, 3),
(46, 10, 1, 29, 8, 4),
(46, 10, 1, 30, 8, 4),
(46, 10, 1, 31, 8, 4),
(46, 10, 1, 32, 6, 3),
(46, 11, 2, 33, 6, 3),
(46, 11, 2, 34, 6, 3),
(46, 11, 2, 35, 8, 4),
(46, 11, 2, 36, 6, 3),
(46, 12, 2, 37, 6, 3),
(46, 12, 2, 38, 8, 4),
(46, 12, 2, 39, 6, 3),
(46, 13, 2, 40, 8, 4),
(46, 13, 2, 41, 8, 4),
(46, 13, 2, 42, 6, 3),
(46, 14, 2, 44, 8, 4),
(46, 14, 2, 43, 8, 4),
(46, 15, 2, 45, 6, 3),
(46, 16, 3, 46, 4, 2),
(46, 16, 3, 48, 8, 4),
(46, 16, 3, 47, 8, 4),
(46, 16, 3, 49, 6, 3),
(46, 16, 3, 50, 8, 4),
(46, 17, 3, 51, 6, 3),
(46, 17, 3, 52, 6, 3),
(46, 17, 3, 53, 6, 3),
(46, 17, 3, 54, 6, 3),
(46, 18, 3, 55, 6, 3),
(46, 18, 3, 56, 6, 3),
(46, 18, 3, 58, 6, 3),
(46, 18, 3, 57, 8, 4),
(46, 19, 3, 59, 6, 3),
(46, 19, 3, 60, 8, 4),
(46, 19, 3, 61, 8, 4),
(46, 19, 3, 62, 6, 3),
(46, 19, 3, 63, 6, 3),
(46, 20, 4, 64, 8, 4),
(46, 20, 4, 67, 8, 4),
(46, 20, 4, 66, 6, 3),
(46, 20, 4, 65, 8, 4),
(46, 21, 4, 69, 8, 4),
(46, 21, 4, 68, 6, 3),
(46, 22, 4, 71, 8, 4),
(46, 23, 4, 72, 8, 4),
(46, 23, 4, 73, 6, 3),
(46, 22, 4, 70, 8, 4),
(43, 11, 2, 33, 2, 1),
(43, 11, 2, 34, 4, 2),
(43, 11, 2, 35, 4, 2),
(43, 11, 2, 36, 4, 2),
(43, 12, 2, 37, 4, 2),
(43, 12, 2, 38, 6, 3),
(43, 12, 2, 39, 6, 3),
(43, 13, 2, 40, 8, 4),
(43, 13, 2, 41, 6, 3),
(43, 13, 2, 42, 8, 4),
(43, 14, 2, 43, 10, 5),
(43, 14, 2, 44, 8, 4),
(43, 15, 2, 45, 8, 4),
(43, 16, 3, 46, 4, 2),
(43, 16, 3, 47, 4, 2),
(43, 16, 3, 48, 6, 3),
(43, 16, 3, 49, 6, 3),
(43, 16, 3, 50, 6, 3),
(43, 17, 3, 51, 2, 1),
(43, 17, 3, 52, 4, 2),
(43, 17, 3, 53, 6, 3),
(43, 17, 3, 54, 6, 3),
(43, 18, 3, 56, 6, 3),
(43, 18, 3, 55, 6, 3),
(43, 18, 3, 57, 6, 3),
(43, 18, 3, 58, 6, 3),
(43, 19, 3, 59, 6, 3),
(43, 19, 3, 60, 4, 2),
(43, 19, 3, 61, 6, 3),
(43, 19, 3, 62, 6, 3),
(43, 19, 3, 63, 6, 3),
(43, 20, 4, 64, 4, 2),
(43, 20, 4, 67, 6, 3),
(43, 20, 4, 66, 4, 2),
(43, 20, 4, 65, 6, 3),
(43, 21, 4, 69, 8, 4),
(43, 21, 4, 68, 6, 3),
(43, 22, 4, 70, 6, 3),
(43, 22, 4, 71, 8, 4),
(47, 16, 3, 46, 6, 3),
(47, 16, 3, 47, 2, 1),
(47, 16, 3, 48, 6, 3),
(47, 16, 3, 49, 6, 3),
(47, 16, 3, 50, 6, 3),
(47, 17, 3, 51, 6, 3),
(47, 17, 3, 52, 6, 3),
(47, 17, 3, 53, 6, 3),
(47, 17, 3, 54, 6, 3),
(47, 18, 3, 55, 6, 3),
(47, 18, 3, 56, 6, 3),
(47, 18, 3, 57, 6, 3),
(47, 18, 3, 58, 6, 3),
(47, 19, 3, 59, 6, 3),
(47, 19, 3, 60, 6, 3),
(47, 19, 3, 61, 6, 3),
(47, 19, 3, 62, 6, 3),
(47, 19, 3, 63, 6, 3),
(48, 1, 1, 1, 2, 1),
(48, 1, 1, 2, 4, 2),
(48, 1, 1, 3, 4, 2),
(48, 1, 1, 4, 2, 1),
(48, 2, 1, 5, 4, 2),
(48, 2, 1, 6, 2, 1),
(48, 2, 1, 8, 4, 2),
(48, 2, 1, 7, 4, 2),
(48, 3, 1, 9, 4, 2),
(48, 3, 1, 10, 6, 3),
(48, 4, 1, 12, 4, 2),
(48, 4, 1, 11, 2, 1),
(48, 4, 1, 13, 2, 1),
(48, 5, 1, 14, 2, 1),
(48, 5, 1, 15, 2, 1),
(48, 5, 1, 16, 2, 1),
(48, 5, 1, 17, 2, 1),
(48, 6, 1, 18, 4, 2),
(48, 6, 1, 19, 2, 1),
(48, 6, 1, 20, 4, 2),
(48, 7, 1, 21, 2, 1),
(48, 7, 1, 22, 4, 2),
(48, 7, 1, 23, 2, 1),
(48, 8, 1, 24, 2, 1),
(48, 8, 1, 25, 4, 2),
(48, 9, 1, 26, 2, 1),
(48, 9, 1, 27, 2, 1),
(48, 9, 1, 28, 4, 2),
(48, 10, 1, 29, 2, 1),
(48, 10, 1, 30, 4, 2),
(48, 10, 1, 31, 2, 1),
(48, 10, 1, 32, 4, 2),
(51, 1, 1, 1, 2, 1),
(51, 1, 1, 4, 10, 5),
(51, 1, 1, 2, 10, 5),
(51, 1, 1, 3, 10, 5),
(51, 2, 1, 5, 10, 5),
(51, 2, 1, 7, 10, 5),
(51, 3, 1, 10, 10, 5),
(51, 2, 1, 8, 10, 5),
(51, 2, 1, 6, 10, 5),
(51, 3, 1, 9, 10, 5),
(51, 19, 3, 59, 2, 1),
(174, 26, 5, 88, 10, 5),
(174, 26, 5, 89, 10, 5),
(174, 26, 5, 90, 10, 5),
(174, 26, 5, 91, 10, 5),
(174, 26, 5, 92, 10, 5),
(174, 26, 5, 93, 10, 5),
(174, 25, 5, 82, 10, 5),
(174, 25, 5, 81, 10, 5),
(174, 25, 5, 80, 10, 5),
(174, 25, 5, 79, 10, 5),
(174, 25, 5, 78, 10, 5),
(174, 25, 5, 77, 10, 5),
(174, 24, 5, 76, 10, 5),
(174, 24, 5, 75, 10, 5),
(174, 24, 5, 74, 10, 5),
(174, 74, 33, 299, 10, 5),
(174, 74, 33, 298, 10, 5),
(174, 74, 33, 297, 10, 5),
(174, 74, 33, 296, 10, 5),
(174, 74, 33, 295, 10, 5),
(174, 74, 33, 294, 10, 5),
(174, 74, 33, 293, 10, 5),
(174, 74, 33, 292, 10, 5),
(174, 74, 33, 291, 10, 5),
(174, 74, 33, 290, 10, 5),
(174, 74, 33, 289, 10, 5),
(174, 74, 33, 288, 10, 5),
(174, 74, 33, 287, 10, 5),
(174, 74, 33, 286, 10, 5),
(174, 74, 33, 285, 10, 5),
(174, 19, 3, 63, 10, 5),
(174, 19, 3, 62, 10, 5),
(174, 19, 3, 61, 10, 5),
(174, 19, 3, 60, 10, 5),
(174, 19, 3, 59, 10, 5),
(174, 18, 3, 57, 10, 5),
(174, 18, 3, 56, 10, 5),
(174, 18, 3, 55, 10, 5),
(174, 18, 3, 58, 10, 5),
(174, 17, 3, 51, 10, 5),
(174, 17, 3, 52, 10, 5),
(174, 17, 3, 53, 10, 5),
(174, 17, 3, 54, 10, 5),
(174, 16, 3, 50, 10, 5),
(174, 16, 3, 49, 10, 5),
(174, 16, 3, 48, 10, 5),
(174, 16, 3, 47, 10, 5),
(174, 16, 3, 46, 10, 5),
(174, 26, 5, 83, 10, 5),
(174, 26, 5, 84, 10, 5),
(174, 26, 5, 85, 10, 5),
(174, 26, 5, 86, 10, 5),
(174, 26, 5, 87, 10, 5),
(174, 74, 33, 284, 10, 5),
(174, 74, 33, 283, 10, 5),
(174, 74, 33, 282, 10, 5),
(174, 74, 33, 281, 10, 5),
(174, 74, 33, 280, 10, 5),
(174, 57, 30, 214, 12, 6),
(174, 57, 30, 213, 12, 6),
(174, 29, 8, 103, 12, 6),
(174, 29, 8, 102, 12, 6),
(174, 28, 8, 101, 12, 6),
(174, 28, 8, 100, 12, 6),
(174, 28, 8, 99, 12, 6),
(174, 28, 8, 98, 12, 6),
(174, 27, 8, 94, 12, 6),
(174, 27, 8, 96, 12, 6),
(174, 27, 8, 97, 12, 6),
(174, 27, 8, 95, 12, 6);

-- --------------------------------------------------------

--
-- Estructura de tabla para la tabla `seccion`
--

CREATE TABLE `seccion` (
  `id_seccion` int(11) NOT NULL,
  `nombre` varchar(140) NOT NULL,
  `descripcion` varchar(140) NOT NULL,
  `imagen` varchar(100) NOT NULL,
  `valor` int(11) NOT NULL
) ENGINE=MyISAM DEFAULT CHARSET=utf8;

--
-- Volcado de datos para la tabla `seccion`
--

INSERT INTO `seccion` (`id_seccion`, `nombre`, `descripcion`, `imagen`, `valor`) VALUES
(1, 'Planeación', 'texto temporal 1\r\n', 'img/seccion1.jpg', 450),
(2, 'Organización', 'texto temporal 2', 'img/seccion2.jpg', 180),
(3, 'Dirección', 'texto temporal 3', 'img/seccion3.jpg', 250),
(4, 'Control', 'texto temporal 4', 'img/seccion4.jpg', 200),
(5, 'Diagnostico para la comunicacion de apoyo', 'texto temporal 5', 'img/seccion4.jpg', 200),
(8, 'Evaluación del manejo del estrés', 'texto temporal', 'img/seccion4.jpg', 120),
(11, 'Diagnóstico para la solución creativa de problemas', 'texto temporal', 'img/seccion4.jpg', 264),
(14, 'Ganar Poder e Influencia', 'texto temporal', 'img/seccion4.jpg', 336),
(25, 'Estrategias de influencia', 'texto temporal', 'img/seccion4.jpg', 150),
(28, 'Diagnóstico para motivar a los demás', 'texto temporal', 'img/seccion4.jpg', 240),
(29, 'Manejo de conflictos interpersonales', 'texto temporal', 'img/seccion4.jpg', 288),
(30, 'Facultamiento y Delegación Eficaces', 'texto temporal ', 'img/seccion4.jpg', 312),
(31, 'Facultamiento Personal', 'texto temporal ', 'img/seccion4.jpg', 280),
(32, 'Comportamientos Para el Desarrollo de Equipos', 'texto temporal ', 'img/seccion4.jpg', 240),
(33, 'Necesidad de Formación de Equipos', 'texto temporal ', 'img/seccion4.jpg', 200),
(34, 'Liderar el Cambio Positivo', 'texto temporal ', 'img/seccion4.jpg', 240);

-- --------------------------------------------------------

--
-- Estructura de tabla para la tabla `subpreguntas`
--

CREATE TABLE `subpreguntas` (
  `id_subpregunta` int(11) NOT NULL,
  `numero_subpregunta` int(11) NOT NULL,
  `subpregunta` varchar(300) NOT NULL,
  `id_pregunta` int(11) NOT NULL
) ENGINE=MyISAM DEFAULT CHARSET=utf8;

--
-- Volcado de datos para la tabla `subpreguntas`
--

INSERT INTO `subpreguntas` (`id_subpregunta`, `numero_subpregunta`, `subpregunta`, `id_pregunta`) VALUES
(1, 1, 'Todos los colaboradores conocen la razón de ser de la organización (misión).', 1),
(2, 2, 'Tenemos visible la misión de la empresa, para la totalidad de los colaboradores.', 1),
(3, 3, 'Las actividades principales de mis colaboradores están encaminadas a lograr el objetivo principal (la misión) de la organización.', 1),
(4, 4, 'Se ha explicado a cada uno de los colaboradores el significado de la misión organizacional.', 1),
(5, 1, 'Todos los colaboradores de la organización tienen claros los objetivos a largo plazo de la organización.', 2),
(6, 2, 'Todos los colaboradores conocen la visión de la organización.', 2),
(7, 3, 'La organización tiene los medios y procedimientos para alcanzar la visión establecida.', 2),
(8, 4, 'Tenemos visible la visión de la empresa en las instalaciones, para la totalidad de los colaboradores.', 2),
(9, 1, 'Los valores organizacionales fueron elaborados por los integrantes de la empresa.', 3),
(10, 2, 'Los colaboradores conocen los valores organizacionales.', 3),
(11, 1, 'Todo el equipo directivo de la empresa se involucra en la elaboración de los objetivos a corto, mediano y largo plazo.', 4),
(12, 2, 'Todo el personal que labora en la empresa conoce los objetivos establecidos.', 4),
(13, 3, 'Los objetivos son establecidos por cada uno de los departamentos y/o áreas de la empresa.', 4),
(14, 1, 'Las políticas organizacionales están definidas por escrito para el conocimiento de todos los colaboradores.', 5),
(15, 2, 'Todos los colaboradores conocen las normas y responsabilidades de su área de trabajo.', 5),
(16, 3, 'Cuando se elaboran y/o actualizan las políticas organizacionales, se asigna a un responsable.', 5),
(17, 4, 'Las políticas organizacionales establecidas se revisan periódicamente.', 5),
(18, 1, 'Los procedimientos se fijan por escrito y de preferencia gráficamente.', 6),
(19, 2, 'Los procedimientos diseñados permiten el logro de objetivos en los departamentos.', 6),
(20, 3, 'Los procedimientos se revisan periódicamente.', 6),
(21, 1, 'Los colaboradores saben que tienen derechos y obligaciones que cumplir.', 7),
(22, 2, 'Los colaboradores conocen los motivos por los cuales puede ser suspendido temporal o definitivamente.', 7),
(23, 3, 'Existen procedimientos que verifiquen el cumplimiento de algún tipo de reglamento.', 7),
(24, 1, 'Hay una asignación presupuestal para poder cumplir con las actividades.', 8),
(25, 2, 'Los interesados conocen en el presupuesto correspondiente.', 8),
(26, 1, 'Todos los programas están autorizados con la aprobación de la suprema autoridad administrativa de su organización.', 9),
(27, 2, 'Los involucrados en los programas los conocen', 9),
(28, 3, 'Todas las personas que trabajan en los programas están convencidas de aplicarlos.', 9),
(29, 1, 'Las estrategias de realizan por escrito', 10),
(30, 2, 'Las estrategias señalan de forma concreta, clara y orientada de cómo debe combinarse los recursos en el momento de fijar los planes.', 10),
(31, 3, 'Las estrategias señalan los caminos concretos que deben adaptarse para lograr el cumplimiento de los planes', 10),
(32, 4, 'Para el diseño de estrategias se toman en cuenta los factores externos e internos de la organización.', 10),
(33, 1, 'La organización realiza una división de trabajo mediante la elaboración de una secuencia de pasos o acciones para lograr un objetivo o desarrollar una función.', 11),
(34, 2, 'La organización cuenta con un listado de las funciones más importantes de la misma.', 11),
(35, 3, 'La organización elabora manuales (de políticas, departamentales, de bienvenida, de procedimientos, de organización, de contenido múltiple, de técnicas y puestos, entre otros) en donde contiene información plasmada en forma sistémica de la organización.', 11),
(36, 4, 'Tiene diagramas de procesos en donde representa gráficamente las actividades para llevar a cabo una función que se repite.', 11),
(37, 1, 'La jerarquización dentro de la organización delimita la responsabilidad de cada colaborador ante un solo jefe superior inmediato (unidad de mando).', 12),
(38, 2, 'Los directivos realizan un análisis de las alternativas para la selección de esta.', 12),
(39, 3, 'Existe una cadena de mando, la cual especifica quien reporta a quién en toda la organización (cadena de mando).', 12),
(40, 1, 'Las funciones se encuentran bien clasificadas de acuerdo con su similitud.', 13),
(41, 2, 'Todas las áreas o departamentos tienen asignadas sus actividades ', 13),
(42, 3, 'La organización cuenta con un organigrama en donde establece claramente la estructura formal de la misma.', 13),
(43, 1, 'Se cuenta con un análisis de puesto para cada área o departamento.', 14),
(44, 2, 'Se realiza por escrito una carta de distribución del trabajo (cuadro de distribución de actividades) para cada puesto de trabajo.', 14),
(45, 1, 'Existe una línea clara y fluida de comunicación y autoridad.', 15),
(46, 1, 'La alta dirección de la empresa cuenta con un proceso para la toma de decisiones.', 16),
(47, 2, 'Los directivos conocen cuales son los problemas que existen dentro de la organización (definen cuál es el problema).', 16),
(48, 3, 'Los directivos desarrollan alternativas para cada uno de los problemas visualizados (desarrollo de alternativas).', 16),
(49, 4, 'Los directivos realizan un análisis de las alternativas para la selección de esta.', 16),
(50, 5, 'Se realiza una evaluación de la eficacia de la decisión para observar los resultados obtenidos y así obtener una retroalimentación.', 16),
(51, 1, 'La dirección se preocupa por que el personal se encuentre continuamente motivado.', 17),
(52, 2, 'La organización maneja un sistema de incentivos (económicos y no económicos)  para motivar el trabajo diario de los colaboradores.', 17),
(53, 3, 'La organización hace entregas de recompensas por el comportamiento de los colaboradores  y por el resultado obtenido.', 17),
(54, 4, 'La dirección utiliza un enfoque basado en metas personales a los colaboradores para motivarlos en su quehacer diario.', 17),
(55, 1, 'Existe una comunicación formal bien establecida dentro de la empresa (aquella que se lleva a cabo de acuerdo a los esquemas laborales).', 18),
(56, 2, 'Hay una comunicación que fluye hacia abajo por la estructura jerárquica, de un jefe a sus colaboradores.', 18),
(57, 3, 'Hay una comunicación ascendente, que fluye de abajo hacia arriba en la estructura jerárquica.', 18),
(58, 4, 'Hay una comunicación lateral que se lleva a cabo entre los colaboradores del mismo nivel jerárquico.', 18),
(59, 1, 'La empresa tiene identificados a los líderes dentro de su organización.', 19),
(64, 1, 'En la empresa existe control preventivo para reducir la probabilidad de que se presente algún hecho no deseado.', 20),
(60, 2, 'Los altos mandos están cubiertos por personas capaces de dirigir a los empleados.', 19),
(61, 3, 'Los colaboradores tienen a seguir a sus superiores para la consecución de las metas propuestas.', 19),
(62, 4, 'Los directivos toman en cuenta la opinión de sus colaboradores para la toma de decisiones', 19),
(63, 5, 'Los directivos apoyan a sus colaboradores para solucionar los problemas que se presentan en su puesto de trabajo.', 19),
(71, 2, 'La empresa implementa medidas correctivas que analiza el cómo y el por qué se desvió el desempeño y después corrige la causa de la desviación.', 22),
(70, 1, 'La empresa implementa medidas correctivas que resuelve los problemas al instante para que el desempeño retome su curso.', 22),
(69, 2, 'Los controles establecidos reportan rápidamente las desviaciones.', 21),
(68, 1, 'Existen reportes estadísticos que avalan la información para la medición de las actividades.', 21),
(67, 4, 'La empresa tiene indicadores que guían el avance y evalúan el cumplimiento de las metas organizacionales o departamentales.', 20),
(66, 3, 'Los sistemas de control reflejan la estructura de los planes de la administración.', 20),
(65, 2, 'Se elaboran controles correctivos que sirven para poder reducir o minimizar los comportamientos o resultados no deseados.', 20),
(72, 1, 'Se toman en cuenta las áreas de oportunidad registradas después de la ejecución de una actividad.', 23),
(73, 2, 'Existe un consenso entre los colaboradores para optimizar los resultados después de haber realizado una actividad.', 23),
(74, 1, ' Tengo claro cuándo debo aplicar coaching o entrenamiento y cuándo debo brindar consultoría u orientación.', 24),
(75, 2, 'Soy capaz de ayudar a otros a reconocer y definir sus propios problemas cuando les brindo consultoría u orientación.', 24),
(76, 3, 'Entiendo con claridad cuándo es adecuado ofrecer consejo e instrucciones a otros y cuándo no lo es.', 24),
(77, 4, 'Soy capaz de ser completamente honesto en la retroalimentación que doy a otros, aun cuando ésta sea negativa', 25),
(78, 5, 'Cuando brindo retroalimentación a otros, evito referirme a las características personales y, en vez de ello, me enfoco en los problemas o en las soluciones.', 25),
(79, 6, 'Siempre relaciono la retroalimentación negativa con una norma o expectativa que se ha violado.', 25),
(80, 7, 'Cuando trato de corregir el comportamiento de alguien, casi siempre se fortalece nuestra relación.', 25),
(81, 8, 'Cuando brindo retroalimentación negativa a otros, soy descriptivo; es decir, describo sucesos, sus consecuencias y mis sentimientos acerca de ello de manera objetiva.', 25),
(82, 9, 'Siempre sugiero alternativas específicas a los individuos cuyo comportamiento estoy tratando de corregir.', 25),
(83, 10, 'Refuerzo la autoestima y la valía personal de los demás cuando me comunico con ellos', 26),
(84, 11, 'Transmito un interés genuino por el punto de vista de otras personas, aun cuando no esté de acuerdo con ellas', 26),
(85, 12, 'No hablo en tono condescendiente a los individuos que tienen menos poder o menos información que yo.', 26),
(86, 13, 'Aun cuando me sienta muy seguro de mis puntos de vista, transmito a otros la idea de que soy flexible y de que estoy abierto a nueva información.', 26),
(87, 14, 'Me esfuerzo por identificar algún punto de acuerdo en una discusión con alguien que tiene un punto de vista diferente.', 26),
(88, 15, 'Mi retroalimentación siempre es específica y directa o propia, más que general o vaga.', 26),
(89, 16, 'No domino las conversaciones que sostengo con otras personas.', 26),
(90, 17, 'Me responsabilizo de mis afirmaciones y puntos de vista al utilizar términos personales como “yo pienso”, en vez de términos impersonales como “se piensa”.', 26),
(91, 18, 'Cuando  hablo  sobre  el  problema  de  otra  persona,  suelo  responder  con  una  contestación que indica comprensión y no consejo.', 26),
(92, 19, 'Cuando formulo preguntas a otros para entender mejor sus puntos de vista, suelo preguntar ¿qué…? en vez de ¿por qué…?', 26),
(93, 20, 'Sostengo reuniones privadas habituales con las personas que viven y trabajan conmigo.', 26),
(95, 1, 'A menudo reafirmo mis prioridades para que las cosas menos importantes no me distraigan de las cosas más importantes.', 27),
(97, 2, 'Aliento a los demás a generar soluciones recomendadas, no sólo preguntas, cuando vienen a mí con problemas o conflictos. ', 27),
(96, 3, 'Me valgo de otros de manera eficaz para cumplir con las tareas laborales.', 27),
(94, 4, 'Utilizo eficazmente métodos de administración del tiempo como tener conciencia de mi tiempo, hacer listas de asuntos pendientes y priorizar tareas.', 27),
(98, 5, 'Sigo un programa de ejercicio regular para conservarme en forma.', 28),
(99, 6, 'Mantengo una relación abierta y de confianza con alguien con quien puedo compartir mis frustraciones.', 28),
(100, 7, 'Mantengo un equilibrio en mi vida al tener diversos intereses fuera de mi trabajo.', 28),
(101, 8, 'Tengo una relación cercana con alguien que funge como mi mentor o consejero.', 28),
(102, 9, 'Necesito y practico varias técnicas de relajación temporal, como respiración profunda y relajación muscular', 29),
(103, 10, 'Lucho por redefinir los problemas como oportunidades para mejorar.', 29),
(104, 1, 'Expreso de manera clara y explícita cuál es el problema. Evito tratar de resolverlo antes de haberlo definido.', 30),
(105, 2, 'Siempre genero más de una solución alternativa al problema, en vez de identificar sólo una solución evidente.', 30),
(106, 3, 'Tengo en mente las consecuencias a largo y a corto plazos cuando evalúo diversas alternativas de soluciones.', 30),
(107, 4, 'Reúno toda la información posible acerca del problema antes de tratar de resolverlo.', 30),
(108, 5, 'Me apego a las distintas etapas del proceso de solución de problemas; esto es, defino el problema antes de proponer soluciones y genero alternativas antes de elegir una solución. Cuando me enfrento a un problema difícil o ambiguo que no tiene una solución fácil.', 30),
(109, 6, 'Defino el problema en múltiples formas. No me limito sólo a una definición del problema.', 31),
(110, 7, 'Trato de ser flexible en la forma en que enfrento el problema al probar distintos métodos alternativos en vez de confiar siempre en el mismo método.', 31),
(111, 8, 'Trato de encontrar patrones entre los elementos del problema para poder descubrir dimensiones subyacentes o principios que me ayuden a entender el problema.', 31),
(112, 9, 'Trato de agilizar mi pensamiento al hacer muchas preguntas acerca de la naturaleza del problema antes de considerar las formas de resolverlo.', 31),
(113, 10, 'Trato de pensar en el problema tanto desde el lado izquierdo (lógico) de mi cerebro como del derecho (intuitivo).', 31),
(114, 11, 'Para entender el problema y generar soluciones alternativas, utilizo analogías y metáforas que me ayuden a definir mejor el problema.', 31),
(115, 12, 'En ocasiones cambio mi definición original del problema para determinar si la definición exactamente opuesta también es verdadera.', 31),
(116, 13, 'Evito evaluar los méritos de una solución al problema antes de generar una lista de alternativas; es decir, no elijo una solución antes de haber ideado diversas posibles soluciones.', 31),
(117, 14, 'Divido el problema en componentes más pequeños y analizo cada uno por separado.', 31),
(118, 15, 'Cuento con técnicas específicas que utilizo para desarrollar soluciones creativas e innovadoras para los problemas. Cuando trato de fomentar más creatividad e innovación entre la gente con quien trabajo.', 31),
(119, 16, 'Ayudo a organizar oportunidades para que los individuos trabajen en sus ideas fuera de las limitaciones de sus asignaciones laborales normales.', 32),
(120, 17, 'Me aseguro de que haya puntos de vista divergentes representados o expresados en cada situación compleja de solución de problemas.', 32),
(121, 18, 'Hago unas cuantas sugerencias inusitadas para estimular a las personas a encontrar nuevas formas de resolver los problemas.', 32),
(122, 19, 'Trato de adquirir información de individuos externos al grupo de solución de problemas, que se verán afectados por la decisión, para determinar sus preferencias y expectativas.', 32),
(123, 20, 'En ocasiones exhorto a individuos externos (por ejemplo, clientes o expertos reconocidos) a participar en las discusiones de solución de problemas.', 32),
(124, 21, 'Trato de dar reconocimiento no sólo a aquellos que llegan con ideas creativas (los campeones de las ideas), sino también a aquellos que apoyan las ideas de los demás (alentadores) y a quienes brindan los recursos para llevarlas a cabo (orquestadores).', 32),
(125, 22, 'Trato de dar reconocimiento no sólo a aquellos que llegan con ideas creativas (los campeones de las ideas), sino también a aquellos que apoyan las ideas de los demás (alentadores) y a quienes brindan los recursos para llevarlas a cabo (orquestadores).', 32),
(126, 1, 'Me esfuerzo por llegar a ser muy competente en mi campo de trabajo', 33),
(127, 2, 'Demuestro amabilidad, honestidad y sinceridad hacia las personas con quienes trabajo.\r\n', 34),
(128, 3, 'Hago un mayor esfuerzo y tomo más iniciativa de lo que se espera en mi trabajo.', 35),
(129, 4, 'Apoyo los eventos y las actividades sociales de la empresa.', 36),
(130, 5, 'Formo una amplia red de relaciones con personas de toda la empresa, en todos los niveles.', 37),
(131, 6, 'Envío mensajes personales a otros cuando logran algo importante o cuando comunico información relevante', 38),
(132, 7, 'En mi trabajo me esfuerzo por generar nuevas ideas, iniciar nuevas actividades y reducir el número de labores rutinarias', 39),
(133, 8, 'Trato de encontrar formas para llegar a ser un representante externo de mi unidad u organización.', 40),
(134, 9, 'Continuamente actualizo mis habilidades y conocimientos.', 33),
(135, 10, 'Me esfuerzo por mejorar mi apariencia personal.', 34),
(136, 11, 'Trabajo más arduamente que la mayoría de mis compañeros.', 35),
(137, 12, 'Aliento a los nuevos miembros para que respalden los valores organizacionales importantes, tanto con sus acciones como con sus palabras.', 36),
(138, 13, 'Obtengo acceso a información importante al convertirme en parte central de las redes de comunicación.', 37),
(139, 14, 'Me esfuerzo por encontrar oportunidades para hacer informes sobre mi trabajo, sobre todo a las personas de nivel jerárquico superior.', 38),
(140, 15, 'Realizo una variedad de actividades.', 39),
(141, 16, 'Mantengo mi trabajo relacionado con la misión central de la empresa.', 40),
(142, 17, 'Hago hincapié en la razón y la información de los hechos', 41),
(143, 18, 'Me siento cómodo empleando una variedad de técnicas de influencia, adaptándolas a las circunstancias específicas.', 41),
(144, 19, 'Otorgo recompensas a quienes están de acuerdo conmigo, estableciendo de esta forma una condición de reciprocidad.', 41),
(145, 20, 'Empleo un enfoque directo (propio) y claro en vez de uno indirecto y manipulador.', 41),
(146, 21, 'Evito utilizar amenazas o demandas para imponer mi voluntad sobre los demás.', 41),
(147, 22, 'Empleo recursos e información que yo controlo para equilibrar las demandas y las amenazas.', 42),
(148, 23, 'Me niego a negociar con individuos que emplean tácticas de negociación basadas en la presión.', 42),
(149, 24, 'Explico por qué no puedo cumplir con solicitudes que suenan razonables al señalar cómo las consecuencias afectarían mis responsabilidades y obligaciones.', 42),
(150, 25, 'Ayudo a determinar los asuntos a los que ellos prestan atención al exponer en forma efectiva la importancia de éstos.', 43),
(151, 26, 'Los convenzo de que los asuntos sobre los que deseo enfocarme son compatibles con los objetivos y con el éxito futuro de la organización.', 43),
(152, 27, 'Les ayudo a resolver problemas que ellos no esperaban que yo resolviera.', 43),
(153, 28, 'Trabajo arduamente para ayudarlos a que tengan éxito, tanto como me esfuerzo para lograr mi propio éxito.', 43),
(154, 1, '“Si no cumples, lo lamentarás”.', 44),
(155, 6, '“Si cumples, te recompensaré”.', 45),
(156, 11, '“Estos hechos demuestran el mérito de mi postura”.', 46),
(157, 2, '“Los otros integrantes del grupo están de acuerdo; ¿cuál es tu decisión?”.', 44),
(158, 7, '“La gente que valoras pensará bien (o mal) de ti si accedes (o no accedes)”.', 45),
(159, 12, '“El grupo necesita tu ayuda, hazlo por el bien de todos nosotros”.', 46),
(160, 3, '“Si accedes dejaré de molestarte”.', 44),
(161, 8, '“Me debes obediencia por favores anteriores”.', 45),
(162, 13, '“Esto es lo que necesito; ¿me ayudarás?”.', 46),
(163, 4, '“Si no actúas ahora, perderás esta oportunidad”.', 44),
(164, 9, '“He moderado mi postura inicial; ahora espero que tú seas igualmente razonable”.', 45),
(165, 14, '“Esta solicitud es coherente con las otras decisiones que has tomado”.', 46),
(166, 5, '“Si no estás de acuerdo en ayudar, habrá consecuencias dañinas para otros”.', 44),
(167, 10, '“Sólo estoy solicitando un pequeño compromiso (ahora)”.', 45),
(168, 15, '“El acatamiento te permitirá alcanzar un objetivo personal importante”.', 46),
(169, 1, 'Enfoco un problema de desempeño estableciendo primero si se debe a falta de motivación o a escasa habilidad.', 47),
(170, 2, 'Diagnostico con cuidado las causas del desempeño deficiente antes de tomar alguna acción correctiva o disciplinaria.', 47),
(171, 3, ' Establezco un estándar claro del desempeño esperado.', 48),
(172, 4, 'Ayudo a las personas a establecer metas de desempeño que sean desafiantes, específicas y de duración limitada.', 48),
(173, 5, 'Ofrezco dar entrenamiento e información, sin comprometerme a realizar las actividades yo mismo.', 49),
(174, 6, 'Sólo como último recurso reasigno o despido a un individuo que tiene un desempeño deficiente.', 49),
(175, 7, 'Determino si una persona tiene los recursos y el apoyo necesarios para que tenga éxito en una actividad.', 49),
(176, 8, 'Utilizo una variedad de recompensas para reforzar los desempeños excepcionales.', 50),
(177, 9, 'Cuando se requiere disciplina, brindo sugerencias específicas para el progreso.', 50),
(178, 10, 'Cuando es posible, me aseguro de que las recompensas valiosas estén vinculadas a un buen desempeño.', 50),
(179, 11, 'Sanciono cuando el esfuerzo está por debajo de las expectativas y de las capacidades.', 50),
(180, 12, 'Diseño actividades interesantes y desafiantes.', 51),
(181, 13, 'Doy las recompensas que cada persona valora.', 51),
(182, 14, 'Combino o alterno las actividades, para que las personas puedan aplicar diferentes habilidades.', 51),
(183, 15, 'Preparo las cosas para que un individuo trabaje con otros en un equipo donde todos se apoyen entre sí.', 51),
(184, 16, 'Me aseguro de que la gente se sienta tratada en forma justa y equitativa.', 52),
(185, 17, 'Me aseguro de que la gente utilice estándares realistas para medir la justicia.', 52),
(186, 18, 'Soy honesto y directo al dar retroalimentación del desempeño y al evaluar las oportunidades de progreso.', 53),
(187, 19, 'Me aseguro de que la gente obtenga retroalimentación oportuna de los individuos afectados por su desempeño en las actividades.', 53),
(188, 20, 'Ofrezco elogios inmediatos y otras formas de reconocimiento por logros significativos.', 53),
(189, 1, 'Evito hacer acusaciones personales y atribuirlo a motivos egoístas de la otra persona.', 54),
(190, 2, 'Cuando expreso mis inquietudes, las presento como mis problemas.', 54),
(191, 3, 'Describo problemas en forma concisa en términos del comportamiento que se presentó, sus consecuencias y mis sentimientos al respecto.', 54),
(192, 4, 'Especifico las expectativas y los estándares que se han violado.', 54),
(193, 5, 'Hago una petición específica, detallando una opinión más aceptable.', 54),
(194, 6, 'Persisto en la explicación de mi punto de vista hasta que la otra persona lo entiende.', 54),
(195, 7, 'Estimulo la interacción bidireccional al invitar al interlocutor a expresar su perspectiva y a hacer preguntas.', 54),
(196, 8, 'Cuando existen varias inquietudes, trato los asuntos en forma creciente, comenzando con los simples y fáciles, y progresando hacia aquellos que son difíciles y complejos.', 54),
(197, 9, 'Busco nuestras áreas comunes de acuerdo.', 55),
(198, 10, 'Demuestro preocupación e interés genuinos, aun cuando no esté de acuerdo.', 55),
(199, 11, 'Evito justificar mis acciones y ponerme a la defensiva.', 55),
(200, 12, 'Busco información adicional haciendo preguntas que den información específica y descriptiva.', 55),
(201, 13, 'Me concentro en un solo asunto a la vez.', 55),
(202, 14, 'Encuentro algunos aspectos de la queja con los que puedo estar de acuerdo.', 55),
(203, 15, 'Pido a la otra persona que sugiera comportamientos más aceptables.', 55),
(204, 16, 'Alcanzo un acuerdo sobre un plan de acción correctiva.', 55),
(205, 17, 'Admito que el conflicto existe y lo trato como algo serio e importante.', 56),
(206, 18, 'Ayudo a elaborar una agenda para una reunión de solución de problemas identificando los asuntos que se discutirán, uno a la vez.', 56),
(207, 19, 'No tomo partido, sino que permanezco neutral.', 56),
(208, 20, 'Ayudo a mantener la discusión centrada en el efecto que tendrá el conflicto sobre el desempeño laboral.', 56),
(209, 21, 'Mantengo la interacción centrada en los problemas más que en las personalidades.', 56),
(210, 22, 'Me aseguro de que ninguna de las partes domine la conversación.', 56),
(211, 23, 'Ayudo a las partes a generar múltiples alternativas.', 56),
(212, 24, 'Ayudo a las partes a encontrar áreas en las que estén de acuerdo.', 56),
(213, 1, 'Ayudo a los demás a desarrollar destreza personal en su trabajo al hacerlos participar primero en actividades menos complejas y luego en otras más difíciles.', 57),
(214, 2, 'Ayudo a que los demás se sientan competentes en su trabajo al reconocer y celebrar sus pequeños éxitos.', 57),
(215, 3, 'Sirvo como ejemplo de éxito en el cumplimiento de las actividades.', 58),
(216, 4, 'Identifico a otras personas de éxito que podrían servir como modelos a seguir.', 58),
(217, 5, 'A menudo elogio, aliento y manifiesto aprobación a los demás.', 59),
(218, 6, 'Con regularidad doy retroalimentación y el apoyo necesario a otras personas.', 59),
(219, 7, 'Trato de fomentar la amistad y las interacciones informales.', 60),
(220, 8, 'Hago hincapié en el efecto importante que tendrá el trabajo de una persona en los demás y en las metas.', 60),
(221, 9, 'Trato de dar toda la información que los demás necesitan para realizar sus actividades.', 61),
(222, 10, ' Conforme adquiero información relevante, la transmito a los demás de manera continua.', 61),
(223, 11, 'Me aseguro de que las personas cuenten con los recursos necesarios (equipo, espacio y tiempo) para tener éxito.', 62),
(224, 12, 'Ayudo a que los demás tengan acceso a los recursos necesarios que yo no puedo brindarles directamente.', 62),
(225, 13, 'Ayudo a que los individuos se integren en equipos con la finalidad de incrementar su participación.', 63),
(226, 14, 'Animo a los equipos a que tomen decisiones y a que apliquen sus propias recomendaciones.', 63),
(227, 15, 'Fomento la confianza siendo justo y equitativo en mis decisiones.', 64),
(228, 16, ' Demuestro interés y preocupación personal por cada individuo con quien trato.', 64),
(229, 17, 'Especifico claramente los resultados que deseo.', 65),
(230, 18, 'Especifico claramente el nivel de iniciativa que quiero que tomen los demás.', 65),
(231, 19, 'Permito la participación de quienes aceptan indicaciones sobre cuándo y cómo se hará el trabajo.', 65),
(232, 20, 'Me aseguro de que la cantidad de autoridad que otorgo corresponda a la cantidad de responsabilidad para generar resultados.', 65),
(233, 21, 'Trabajo dentro de las estructuras organizacionales existentes al delegar actividades y nunca ignoro a alguien al no informarle.', 65),
(234, 22, 'Identifico las restricciones y limitaciones que las personas enfrentarán, pero también brindo el apoyo necesario.', 65),
(235, 23, 'Mantengo una responsabilidad por los resultados, no por los métodos utilizados.', 65),
(236, 24, 'Delego de forma continua, no sólo cuando estoy sobresaturado de trabajo.', 65),
(237, 25, 'Cuando enfrento un problema, evito una delegación ascendente al pedir a las personas que recomienden soluciones en vez de solicitar consejos o respuestas.', 65),
(238, 26, 'Aclaro las consecuencias del éxito y del fracaso.', 65),
(239, 1, 'Tengo confianza en mis habilidades para realizar mi trabajo.', 66),
(240, 2, 'Mi trabajo está dentro del alcance de mi competencia y mis habilidades.', 66),
(241, 3, 'Estoy seguro de mis habilidades para efectuar con éxito mi trabajo.', 66),
(242, 4, 'Domino las habilidades necesarias para efectuar mi trabajo.', 66),
(243, 5, 'Tengo bastante autonomía para determinar cómo efectúo mi trabajo.', 67),
(244, 6, 'Puedo decidir cómo realizar mi propio trabajo.', 67),
(245, 7, 'Tengo muchas oportunidades de independencia y libertad en la forma de realizar mi trabajo.', 67),
(246, 8, 'Tengo la oportunidad de utilizar la iniciativa personal para realizar mi trabajo.', 67),
(247, 9, 'Ejerzo un efecto significativo sobre lo que sucede en mi unidad de trabajo.', 68),
(248, 10, 'Tengo bastante control sobre lo que sucede en mi unidad de trabajo.', 68),
(249, 11, 'Tengo mucha influencia sobre lo que sucede en mi unidad de trabajo.', 68),
(250, 12, 'Mi opinión cuenta en la toma de decisiones de mi unidad de trabajo.', 68),
(251, 13, 'El trabajo que realizo es muy importante para mí.', 69),
(252, 14, 'Mis actividades laborales son personalmente significativas para mí.', 69),
(253, 15, 'Me importa lo que hago en el trabajo.', 69),
(254, 16, 'El trabajo que realizo tiene significado e importancia especiales para mí.', 69),
(255, 17, 'Confío en que mis compañeros de trabajo son completamente honestos conmigo.', 70),
(256, 18, 'Confío en que mis compañeros de trabajo comparten información importante conmigo.', 70),
(257, 19, 'Confío en que mis compañeros de trabajo cumplan las promesas que hacen.', 70),
(258, 20, 'Creo que mis compañeros de trabajo se preocupan por mi bienestar.', 70),
(259, 1, 'Sé como establecer credibilidad e influencia entre los miembros del equipo.', 71),
(260, 2, 'Me comporto de manera congruente con mis valores establecidos y demuestro un alto grado de integridad.', 71),
(261, 3, 'Soy claro y consistente respecto a lo que deseo lograr.', 71),
(263, 4, 'Transmito energía positiva al ser optimista y al elogiar a los demás.', 71),
(264, 5, 'Construyo una base de acuerdo común en el equipo antes de continuar con las actividades.', 71),
(265, 6, 'Aliento y oriento a los miembros del equipo para ayudarles a mejorar.', 71),
(266, 7, 'Comparto información con los miembros del equipo y aliento la participación.', 71),
(267, 8, 'Expreso una visión motivadora y clara de lo que el equipo puede lograr, junto con metas de corto plazo.', 71),
(268, 9, ' Conozco muchas formas de facilitar la realización de actividades en el equipo.', 72),
(269, 10, 'Conozco varias formas para ayudar a establecer relaciones firmes y cohesión entre los miembros del equipo.', 72),
(270, 11, ' Confronto y ayudo a superar comportamientos negativos, disfuncionales o de bloqueo de los demás.', 72),
(271, 12, 'Desempeño el rol de facilitador para el cumplimiento de las actividades y ayudo a entablar relaciones de confianza entre los miembros, dependiendo de lo que el equipo necesite para avanzar. Cuando deseo que mi equipo tenga un buen desempeño, sin importar si soy líder o miembro:', 72),
(272, 13, 'Conozco las diferentes etapas que experimenta la mayoría de los grupos durante su desarrollo.', 73),
(273, 14, 'Ayudo a establecer expectativas y objetivos claros, y también ayudo a que los miembros del equipo se sientan cómodos entre ellos desde la formación del equipo.', 73),
(274, 15, 'Aliento a los miembros del equipo para que se comprometan tanto con el éxito de este último como con su éxito personal.', 73),
(275, 16, 'Ayudo a los integrantes del equipo a que se comprometan con la visión y las metas del mismo.', 73),
(276, 17, 'Ayudo al equipo a evitar el pensamiento grupal al asegurarme de que se expresen diversas opiniones.', 73),
(277, 18, 'Soy capaz de diagnosticar y aprovechar las competencias fundamentales del equipo o las fortalezas individuales.', 73),
(278, 19, 'Aliento al equipo a mejorar continuamente y a buscar innovaciones sobresalientes.', 73),
(279, 20, 'Aliento el establecimiento de estándares de desempeño y de resultados excepcionalmente altos, que exceden por mucho las expectativas.', 73),
(280, 1, 'La producción ha disminuido o es menor a la deseada.', 74),
(281, 2, 'Hay quejas, rencores o desánimo, o van en aumento.', 74),
(282, 3, 'Hay conflictos u hostilidad entre los miembros, o van en aumento.', 74),
(283, 4, 'Algunas personas están confundidas con las actividades asignadas, o sus relaciones con otros individuos no son claras.', 74),
(284, 5, 'Faltan metas claras y no hay compromiso con las metas.', 74),
(285, 6, 'Es evidente la apatía o la falta de interés y participación por parte de los miembros.', 74),
(286, 7, 'Hay poca innovación, asunción de riesgos, imaginación o iniciativa.', 74),
(287, 8, 'Son comunes las reuniones ineficaces e ineficientes.', 74),
(288, 9, 'Las relaciones laborales entre niveles y unidades son insatisfactorias.', 74),
(289, 10, 'La falta de coordinación entre funciones es evidente.', 74),
(290, 11, 'Hay poca comunicación, las personas tienen miedo de hablar, nadie escucha y la información no se comparte.', 74),
(291, 12, 'Hay falta de confianza entre los miembros y también entre los líderes principales y los miembros.', 74),
(292, 13, 'Se toman decisiones que algunos integrantes no comprenden o con las que no están de acuerdo.', 74),
(293, 14, 'El personal siente que no se recompensa el trabajo bien hecho o que las recompensas se aplican de manera injusta.', 74),
(294, 15, 'No se alienta a los individuos a trabajar juntos por el bien de la organización.', 74),
(295, 16, 'Los clientes y los proveedores no participan en la toma de decisiones de la empresa.', 74),
(296, 17, 'Las personas trabajan con demasiada lentitud y hay mucha redundancia en el trabajo que se realiza.', 74),
(297, 18, 'Se hace frente a los asuntos y desafíos que requieren la participación de más de una persona.', 74),
(298, 19, 'Los individuos deben coordinar sus actividades para que el trabajo se cumpla.', 74),
(299, 20, 'Se enfrentan retos difíciles que nadie puede resolver o diagnosticar', 74),
(300, 1, 'Sé cómo activar la energía personal en los demás.', 75),
(301, 2, 'Expreso compasión hacia las personas que enfrentan dolor o alguna dificultad.', 75),
(302, 3, 'Destaco un propósito o significado más elevado relacionado con el trabajo que dirijo.', 75),
(303, 4, 'Perdono a los demás por el daño que provoquen o los errores que cometan.', 75),
(304, 5, 'Mantengo altos estándares de desempeño, aunque perdono con rapidez.', 75),
(305, 6, 'Expreso gratitud en forma frecuente y notoria, incluso por acciones pequeñas.', 75),
(306, 7, 'Mantengo un registro de lo que sale bien, no sólo de lo que sale mal.', 75),
(307, 8, 'Hago hincapié en construir sobre las fortalezas y no sólo en superar las debilidades.', 75),
(308, 9, 'Hago muchos más comentarios positivos que negativos.', 75),
(309, 10, 'Trato de cerrar las brechas de abundancia: la diferencia entre un buen desempeño y uno extraordinario.', 75),
(310, 11, 'Ejemplifico integridad absoluta.', 75),
(311, 12, 'He desarrollado un punto de vista de enseñanza de temas que me interesan.', 75),
(312, 13, 'Transmito energía positiva en los demás al interactuar con ellos.', 76),
(313, 14, 'Ayudo a promover respuestas compasivas en los demás, siempre que sea pertinente.', 76),
(314, 15, 'El lenguaje que utilizo alienta acciones virtuosas en las personas.', 76),
(315, 16, 'Con frecuencia doy a otras personas retroalimentación positiva.', 76),
(316, 17, 'Comparo mi propio desempeño (o el de mi grupo) contra los estándares más altos.', 77),
(317, 18, 'Cuando comunico una visión, capto los sentimientos y los pensamientos de las personas.', 77),
(318, 19, 'Sé cómo hacer que las personas se comprometan con mi visión de un cambio positivo.', 77),
(319, 20, 'Aprovecho una estrategia de pequeños triunfos en todas mis iniciativas de cambio.', 77);

-- --------------------------------------------------------

--
-- Estructura de tabla para la tabla `usuario`
--

CREATE TABLE `usuario` (
  `id_usuario` int(11) NOT NULL,
  `nombre` varchar(25) DEFAULT NULL,
  `apellidos` varchar(25) DEFAULT NULL,
  `correo` varchar(50) NOT NULL,
  `contrasena` varchar(255) NOT NULL,
  `term_con` int(11) NOT NULL,
  `activo` int(11) NOT NULL DEFAULT 1,
  `tipo` int(11) NOT NULL DEFAULT 1
) ENGINE=MyISAM DEFAULT CHARSET=utf8 COMMENT='Aqui esta el registro del directivo';

--
-- Volcado de datos para la tabla `usuario`
--

INSERT INTO `usuario` (`id_usuario`, `nombre`, `apellidos`, `correo`, `contrasena`, `term_con`, `activo`, `tipo`) VALUES
(1, '', '', 'gustav@gmail.com', '$2y$12$C.f2fd6gR9Y80mTLcyinpeBH7o/MhvBovINRPQgRS/hV8vnlMJfy2', 1, 1, 1),
(2, '', '', 'gustavo@gmail.com', '$2y$12$GtRgMNoqWkK5MzgJPvK7cO8BUPW3U46wMvzWwpEmlCasLyJxIO3ZS', 1, 1, 1),
(11, 'Patricia', ' Espinosa García', 'paespinosa@uv.mx', '$2y$12$LodbPDmY6E5Qzy4wjQj12eFaIWHlqEhB0FajmmHXcTd7HLj0lHMDe', 1, 1, 2),
(12, 'Armando', 'Juárez Santiago', 'arjuarez@uv.mx', '$2y$12$KQBqwjw9PptdSCkQInOnHepqGSn.jRSdIS8yyq.BRafSB5D2vJkVS', 1, 1, 2),
(10, 'Ricardo ', 'Carrera Hernandez', 'rcarrera@uv.mx', '$2y$12$K9m9gurx0RD.rwxHvnQCBeiYyEilA5cyFU50L8m.YYQgaF1GGlYGO', 1, 1, 2),
(13, 'Omar', 'Juárez Rivera', 'ojuarez@uv.mx', '$2y$12$cHQNQJU0RhSnGekxpifVwOuiJhpW7e2LbOAAk3q3kvxg2EsGLhqsq', 1, 1, 2),
(32, 'Benjamin ', 'Rodríguez ', 'benjarod18@gmail.com', '$2y$12$TtzJLe2oP2Rt8LURSFqwAe2QiiKj3MxGugsquVQq7JSuRYT5cB1v6', 1, 1, 1),
(15, 'JUAN', 'RANGEL', 'j_rangel_c@hotmail.com', '$2y$12$gdMjPe0aRz4pebWtR0Magu2hmtXTTZtnckm0v2rFM232/z71XyC1G', 1, 1, 1),
(16, 'Analeath', 'Rousse', 'analeathrousse@hotmail.com', '$2y$12$vnSBsMbJotHGOG4C1Bysau6Wv4wYUxoAtF2BV02cxs/pLbdB.ehyy', 1, 1, 1),
(17, 'Gabriel', 'Rodríguez Vásquez ', 'direccion@astiservices.com', '$2y$12$arC7d2EZnN.SbaLzyhcEXOBWOqClGOGqCiOLhppCNmgQVzOGEnyxm', 1, 1, 1),
(18, 'OCTAVIO ', 'Lopez', 'isimali_octavio@prodigy.net.mx', '$2y$12$HuWz2bIfKWwp9Pm4CWIY5u7nFSCh0P9HFkGydpEBuNBm0.yW2JxXa', 1, 1, 1),
(19, 'Gerardo', 'García blancas ', 'gblancas.cse@gmail.com', '$2y$12$triKjsBWT0K0NgupyTCii.bti9so06IadOsvmghbbDnjOvYmmVI3y', 1, 1, 1),
(20, 'Ignacio ', 'Palomeque Garza', 'mayala@cafinco.com', '$2y$12$pEKoz55a6EurEpxQ3Wm.0u0xJ9M3JJiKkl5O8Cr2qd3FnPTueXtsm', 1, 1, 1),
(21, 'Ignacio ', 'Palomeque Garza', 'mayala@cafinco.com', '$2y$12$9i2c7d8x3VIXVehc58Kk2OdExiqVjVDSM92ROoSDoM2YB5AtbMwmG', 1, 1, 1),
(22, 'Alejandra Stephanie', 'Ramirez Yerena', 'ale.yerena@hotmail.com', '$2y$12$LKN3vY/JOndfSaNFIffXUuyyq73tWeXD.lDSB31z.Wy2N1cfnBnrC', 1, 1, 1),
(23, 'Daniel ', 'Castro Blanco', 'dado15@live.com.mx', '$2y$12$cOWNgX9SyLuZfjhtvsJCAOrqqg.5zVLjjmfOaptCopRnyQ0GmAFpy', 1, 1, 1),
(24, 'MARÍA PAULINA', 'ESCAMILLA CARRERRA', 'compras.corporativogesica@gmail.com', '$2y$12$8xxWn39oORCpAAsreDNzYebnwXG0GncwoA/LA14rhZjwoHcSbwHAS', 1, 1, 1),
(25, 'ANGEL', 'GARCIA GUILLEN', 'aguillen2000@prodigy.net.mx', '$2y$12$UmOPM4Obhu9VApP9L06fy.rn9LpfAzs0O0wrQX22q5hB48BwsAmd6', 1, 1, 1),
(26, 'Marco Antonio', 'Pérez Fentanes', 'cash2603@gmail.com', '$2y$12$j7PBUmp0uLV.Wjy.7iC1MOAaxFlNBEQn2UG6bzFg6D/.tEYJA5Fdy', 1, 1, 1),
(27, 'Nahum Josimar', 'Gutierrez Cruz', 'jozimargutz@icloud.com', '$2y$12$OiT7yAurb1AyJcMLLiKopeRjlI0AEePMB6dthvqxS7SaEFVRrBdDK', 1, 1, 1),
(28, 'Verónica ', 'Rosas Badillo ', 'ctaaplics2019@gmail.com', '$2y$12$qUFp0Ifip0Ng4tUkMqyHZ.LJKqN1Thh0VMI6.VHg0Pt38cVj9tOce', 1, 1, 1),
(29, 'MARIA DE JESUS', 'MIRANDA', 'administracion@astiservices.com', '$2y$12$6QkOYKkivpX0BR2nms/mq.CHyeFoK.C/Bl6nCZqPGJ2.TSKTSonAG', 1, 1, 1),
(31, 'María Teresa Guadalupe ', 'Lima Vallejo ', 'elgavilanorizaba1@gmail.com', '$2y$12$6byhXwsGnBREQPB9jdEzeu12ZwqpjK4DyuvBNrzzI2tYBpp7xqWBm', 1, 1, 1),
(33, 'Alfredo', 'Rodriguez', 'alfredo.rodriguez@coats.com', '$2y$12$DcQFJw10HgQIjz8J47HA9evrNFEY7qpibkkXp//FFqC95SfH8WBpe', 1, 1, 1),
(34, 'Eloy', 'Trejo rivera ', 'santiagoanelvr@gmail.com', '$2y$12$b9Cd95KCfxZGcLDLbJdP4OGxAUzDv6N9oQPJVvePQiIZrCHJeQQLy', 1, 1, 1),
(35, 'Elio', 'Monrroy Montaño', 'difico.cordoba1@outlook.com', '$2y$12$eHMAa2VkBV6t.FNZuQQlUOil7XacvS6UQgUGl6nP1aVvZG3WzDr5y', 1, 1, 1),
(36, 'ARMANDO', 'GRANADOS', 'agranados64@hotmail.com', '$2y$12$HgPjiRqSy4kCGkcib58gs.DHSwdHWQp1jlelOlkeskuHuWRUC/Bi2', 1, 1, 1),
(37, 'Alejandro', 'Paez', 'AlexPaezM99@gmail.com', '$2y$12$8A7g/dbbTs/jC0.eSyDR5eq4yhRyGrv5d4Ua1Tbm7I0jBiLnhxPN2', 1, 1, 1),
(38, 'Victor', 'Reyes', 'victor.rl.reyes.ss@gmail.com', '$2y$12$qvZsTpa7OVUlLCTaWWGdzelgO0itQLArltnrzpMOOiDJS0Bp.LZYW', 1, 1, 1),
(39, 'Alberto', 'Flores Mercado', 'auxgerencia@lamargarita.com', '$2y$12$KIMsZQntZyrw/yFx3p.lt.obpspYZBsWjnXu9Du3iVzP/dv7AXv66', 1, 1, 1),
(40, 'ENRIQUE', 'DEL VALLE', 'brangelcp@hotmail.com', '$2y$12$0./EmYHyk1/3Mw6mjnDMN.MKZN3sAclHUunNVLgOpN4TaMA/lvjti', 1, 1, 1),
(41, 'Pablo ', 'Alvarado Gómez', 'gdn1215@outlook.es', '$2y$12$C7fIiyFZTrghEbMnZLM2AuEzLdcpmXGS9q639Fc70ITZgTPhqCuJG', 1, 1, 1),
(42, 'Angel', 'Arreola', 'amarreola05@hotmail.com', '$2y$12$i6PyVt/H9rK4rk0BaYo8dut7XYbM4p1mZzfEcEByAffgHdoYF4oRu', 1, 1, 1),
(43, 'OMAR', 'JUAREZ', 'omarjzrv@gmail.com', '$2y$12$Aatpvf0qneum3b0UjnY9Le44Rge/j.ZNSzw//OOd0lN/.grqliOxq', 1, 1, 1),
(44, 'Harweb', '', 'victor.reyes_s@yahoo.com.mx', '$2y$12$L5OvjldwuAuvu/J0olkAAuvXR1AzJr5aAdVIN0pWfked3YfSaPMwe', 1, 1, 1),
(45, 'Ángel ', 'Arreola sanchez ', 'karem_2317@hotmail.com', '$2y$12$BU0eprWcvV5Rkg2g2Xa0LOgZTjPVbek50bTwHiMGpUFZWIBM8k0uW', 1, 1, 1),
(46, 'fernando', 'aguirre', 'faguirre4093@gmail.com', '$2y$12$0cW.rSAs0wtyH7H137uQ5uFg8j/xFVo7JlywntSvaAifS5voLjc.y', 1, 1, 1),
(47, 'Carlos Alonso', 'Rocafuerte', 'exkapp@gmail.com', '$2y$12$8mq0u2SbEc94hzBfAaPZZep8k1tOCnMUtR8KEk54Xg/h8GVbTVmN2', 1, 1, 1),
(48, 'Ana', 'Loyo', 'ana.loyo@live.com.mx', '$2y$12$9UnibF4NzOvTYwkIy3zRAu69B6vP5JqV/LfCCKM.UT.5aOjEOcp4m', 1, 1, 1),
(49, '', '', 'xoi80034@eoopy.com', '$2y$12$f6d30EwYtMp.j45C8gA3puZuHIJkB/DHlxgeaOaKtryRweHse4RZi', 1, 1, 1),
(50, 'Mari Carmen', 'Morales Rodríguez ', 'oyemaricarmen@gmail.com', '$2y$12$kwHm8PmaSCu6mvoL6YA7GeEW/VLWNynlyQS6u223rE04/v7DO93ge', 1, 1, 1),
(51, 'demo', 'demo', 'demo@yopmail.com', '$2y$12$iYeq0fapeVBHv3ZW8lK8g.XCyXuLIry73O/.iaY.WDDLSDm9QCIlO', 1, 1, 1),
(52, 'demo', 'demo', 'demo@yopmail.com.\".)(.\',()', '$2y$12$nPCGs7H3VC5G8BaiIAXhi.HU4zYA8/OVvbdKTkxAtqqbMTwyyYB0O', 1, 1, 1),
(53, 'demo', 'demo', 'demo@yopmail.com\'tDcflv<\'\">nJvGFb', '$2y$12$kOcGpGrmk90L1hiTTXKQaunFBdMKhASjI5SZ62AqxaFMYzRK9kGVm', 1, 1, 1),
(54, 'demo', 'demo', 'demo@yopmail.com) AND 8208=9750 AND (2008=2008', '$2y$12$1T5Pesha9t3u7NBZu/IB0.ylrgrcyTv3e7X5YlRhbhtOtD7q3oTDe', 1, 1, 1),
(55, 'demo', 'demo', 'demo@yopmail.com) AND 7167=7167 AND (3599=3599', '$2y$12$oo/C9Vlyjo38qVV7SxAzEOGzjxHnIU/lwNWJi.IiEJ5GjuPyxzsBq', 1, 1, 1),
(56, 'demo', 'demo', 'demo@yopmail.com AND 6571=2895', '$2y$12$irjrvTc53ycGTR0ZMTjZv.n0HZhoqvcylUm2vUjhdyFJUgOhuejTW', 1, 1, 1),
(57, 'demo', 'demo', 'demo@yopmail.com AND 7167=7167', '$2y$12$.bc7g76HHH7BN9c..jGFV.k2ufhu2ncoqqP0SoTK5maeio98pEKR2', 1, 1, 1),
(58, 'demo', 'demo', 'demo@yopmail.com\') AND 6594=4275 AND (\'kxxR\'=\'kxxR', '$2y$12$l63kTD19QZDfdwuZ1VtL5OF5i29yc/ZZyHirWR60Ou.npqafJYAU2', 1, 1, 1),
(59, 'demo', 'demo', 'demo@yopmail.com\') AND 7167=7167 AND (\'grfe\'=\'grfe', '$2y$12$R9ZWN0xrGjPbhcZHvYYuV.FAcrlpZJU.ejC4bkcSN4kug5FtQW1cq', 1, 1, 1),
(60, 'demo', 'demo', 'demo@yopmail.com\' AND 2585=9764 AND \'zDQZ\'=\'zDQZ', '$2y$12$/EYzaKYGSh366VNB.TVnZe1gCTQesOT8MbYcP5nUnF2SYfwHzl2Kq', 1, 1, 1),
(61, 'demo', 'demo', 'demo@yopmail.com\' AND 7167=7167 AND \'Bagi\'=\'Bagi', '$2y$12$qq.4uRMunwtbGsS9YGNYauvGOT7FVf062/rAZ5.p/0aFCZLvc.JW.', 1, 1, 1),
(62, 'demo', 'demo', 'demo@yopmail.com AND 7585=7970-- Bvws', '$2y$12$7z6I1PV3hq38/zQfcs2tSOXYW23GwUYuBuYqP9oobzCsC0dDtSRQW', 1, 1, 1),
(63, 'demo', 'demo', 'demo@yopmail.com AND 7167=7167-- qVTd', '$2y$12$w21bVOL5mYHw7SudlJJzd.M20b1pTklfk0JOPHMyE5kkNzHnoEy5a', 1, 1, 1),
(64, 'demo', 'demo', '(SELECT (CASE WHEN (3840=7316) THEN \'demo@yopmail.', '$2y$12$73T4xCZF3G1p/aDFzShJBe7rVCf/9.T5owWGzLqJUBhx7Dq9f58GK', 1, 1, 1),
(65, 'demo', 'demo', '(SELECT (CASE WHEN (2179=2179) THEN \'demo@yopmail.', '$2y$12$HWJODD9FKeynuV95NH2O2ubSdcbL0BxT4h8alFv.xdn.JspLf6i0u', 1, 1, 1),
(66, 'demo', 'demo', 'demo@yopmail.com) AND EXTRACTVALUE(3104,CONCAT(0x5', '$2y$12$qvnSP.vOEmoFG4DcxS.2veq6pxUUajAgez8bD4P74o.k5HW4SnoTG', 1, 1, 1),
(67, 'demo', 'demo', 'demo@yopmail.com AND EXTRACTVALUE(3104,CONCAT(0x5c', '$2y$12$dvNj.F5s3W.n0hczMif7MuyucRhmJ2OdA4H9RY75blCuj85XuRUFi', 1, 1, 1),
(68, 'demo', 'demo', 'demo@yopmail.com\') AND EXTRACTVALUE(3104,CONCAT(0x', '$2y$12$duYTTDNrE6ZFt2vfjcwjpOOLbC8KJ/ZRHpkq65BsQGvhVqyUkVwPG', 1, 1, 1),
(69, 'demo', 'demo', 'demo@yopmail.com\' AND EXTRACTVALUE(3104,CONCAT(0x5', '$2y$12$nTWVNEaSg/0.yciim.4QtuDVKSvHyy5WnCgXb.huwuw1PTqSmC51q', 1, 1, 1),
(70, 'demo', 'demo', 'demo@yopmail.com AND EXTRACTVALUE(3104,CONCAT(0x5c', '$2y$12$xh7yNJgqkHX2JCbugCtRcutISBg3sgbZHIOm8CRPV5DaUW0DWosr2', 1, 1, 1),
(71, 'demo', 'demo', 'demo@yopmail.com) AND 5068=CAST((CHR(113)||CHR(120', '$2y$12$0Jfrs0..F85Xb1zJn/LE5.NlnNX.NER9iY4sW3WtWlru4MYxQG84G', 1, 1, 1),
(72, 'demo', 'demo', 'demo@yopmail.com AND 5068=CAST((CHR(113)||CHR(120)', '$2y$12$tyXuDyMjB7O4ooHSBoDCJ.rP4BdW0FIR39wU/8BJNw4woQILn485O', 1, 1, 1),
(73, 'demo', 'demo', 'demo@yopmail.com\') AND 5068=CAST((CHR(113)||CHR(12', '$2y$12$bKUlFZjsT81l8/XfRPhjRuZm4WNA8pUCht1x.ghVJ2HCIxLzJTRQa', 1, 1, 1),
(74, 'demo', 'demo', 'demo@yopmail.com\' AND 5068=CAST((CHR(113)||CHR(120', '$2y$12$z8UzOgIr5Kw33l7fDKt8n.5kb0JXlyY1tM3cQC/TYNZVS08uh476.', 1, 1, 1),
(75, 'demo', 'demo', 'demo@yopmail.com AND 5068=CAST((CHR(113)||CHR(120)', '$2y$12$Abmvun2.gbWcWagXrfYq4.LF.BZymnzkc3EQwb4eupz3ov56JY4OO', 1, 1, 1),
(76, 'demo', 'demo', 'demo@yopmail.com) AND 5391 IN (SELECT (CHAR(113)+C', '$2y$12$gdcAQJr0BNK.jXaTt3Pk6.ZXC/izqoZAZQOxlniIubcvsYHuP2VxO', 1, 1, 1),
(77, 'demo', 'demo', 'demo@yopmail.com AND 5391 IN (SELECT (CHAR(113)+CH', '$2y$12$PxX/CNEG4Z/ftxkG7CugZO2yPTa.rwqijwg.XWSallFCb8vR5Tc66', 1, 1, 1),
(78, 'demo', 'demo', 'demo@yopmail.com\') AND 5391 IN (SELECT (CHAR(113)+', '$2y$12$hAwDVYYmZD9AzMnNAI.cmOmDn72dr.yTHpqWf//wQ0nZsZ4IDpU5O', 1, 1, 1),
(79, 'demo', 'demo', 'demo@yopmail.com\' AND 5391 IN (SELECT (CHAR(113)+C', '$2y$12$IOvQlMKzT/DsJzyLlE.aguJvI/AEVom/7szx7X0wPzIFDV6KZAfNu', 1, 1, 1),
(80, 'demo', 'demo', 'demo@yopmail.com AND 5391 IN (SELECT (CHAR(113)+CH', '$2y$12$lo1X4bQTOPBi.sSwkpGHs.dFvVtlFjv3rxjTI6af/zZ70seFzRrFa', 1, 1, 1),
(81, 'demo', 'demo', 'demo@yopmail.com) AND 3679=(SELECT UPPER(XMLType(C', '$2y$12$Ka0dDiftJ.ZQB7ezvmRAk.lBphwPQ0bVpUL9DShJGqrqigdTTyN16', 1, 1, 1),
(82, 'demo', 'demo', 'demo@yopmail.com AND 3679=(SELECT UPPER(XMLType(CH', '$2y$12$JVKU.5yFXCiEzvuoDui/KeV8s720oHRF556ZwuqGCypske6/sBvTO', 1, 1, 1),
(83, 'demo', 'demo', 'demo@yopmail.com\') AND 3679=(SELECT UPPER(XMLType(', '$2y$12$I5tIKVX.zlzfHYZXYIbR1.8YYjM6XpRCxB0mPLaM7jONgO1xauyMC', 1, 1, 1),
(84, 'demo', 'demo', 'demo@yopmail.com\' AND 3679=(SELECT UPPER(XMLType(C', '$2y$12$XBjW5.0EyAyukO4Ac0CH3uMZkF7/Ah5jnFvSjVax3qyKDNp4kar8u', 1, 1, 1),
(85, 'demo', 'demo', 'demo@yopmail.com AND 3679=(SELECT UPPER(XMLType(CH', '$2y$12$B9zaCnd3U92aKf9LzYzqheB.ttgbMbQEV6kUlql7JUYVuMKGqXPTq', 1, 1, 1),
(86, 'demo', 'demo', '(SELECT CONCAT(CONCAT(\'qxkbq\',(CASE WHEN (8639=863', '$2y$12$rWerQf3SeqJzM7kllVNAYufRcHF3ScyC5YDKdY4W7Smu5eFCtbZc6', 1, 1, 1),
(87, 'demo', 'demo', 'demo@yopmail.com);SELECT PG_SLEEP(5)--', '$2y$12$.bm2IN5cez7WLItIGXJ8p.25Y4OEIHv.XVOhfCCZi.mT5nAgczk.W', 1, 1, 1),
(88, 'demo', 'demo', 'demo@yopmail.com;SELECT PG_SLEEP(5)--', '$2y$12$LEuzYg9XWVARzNoJhe1pNuQhTbCAipiVrOzYdEbW6bqcZ0geiIuW6', 1, 1, 1),
(89, 'demo', 'demo', 'demo@yopmail.com\');SELECT PG_SLEEP(5)--', '$2y$12$tX8zq6UNYlQqmg5DBEx.NO3Z5cxsnxmUYLgkJ8TSuSAL1JdaokWDO', 1, 1, 1),
(90, 'demo', 'demo', 'demo@yopmail.com\';SELECT PG_SLEEP(5)--', '$2y$12$Gy9qk8mx4WvwPaZ.xudmpehCToufDg9GU1ra6h92Pb0qJCh/bvFY2', 1, 1, 1),
(91, 'demo', 'demo', 'demo@yopmail.com);WAITFOR DELAY \'0:0:5\'--', '$2y$12$GJGxtI8qYH6g./d98aMrFOHNrpNda9Pj.3BiekfcQxWzjxc/X5Duq', 1, 1, 1),
(92, 'demo', 'demo', 'demo@yopmail.com;WAITFOR DELAY \'0:0:5\'--', '$2y$12$EyknllPfLMn4NqZdE4qrmuTpQFmsdS4yIFrcsoS.FvwUhYCJ.trWe', 1, 1, 1),
(93, 'demo', 'demo', 'demo@yopmail.com\');WAITFOR DELAY \'0:0:5\'--', '$2y$12$lXRprLgk8pFyCBb/ZOsuReJaVlw/T7O3KcSANEF/eF6Pmv.nUA/f6', 1, 1, 1),
(94, 'demo', 'demo', 'demo@yopmail.com\';WAITFOR DELAY \'0:0:5\'--', '$2y$12$lZTAwnoj4HPVRVqdGaUsHeXScEC6yC4U/6aZMATaBkk..vtBJQS9K', 1, 1, 1),
(95, 'demo', 'demo', 'demo@yopmail.com);SELECT DBMS_PIPE.RECEIVE_MESSAGE', '$2y$12$OW/Rk2nPBwP4yLmx9pgt/uIZhoIt0Zw5q6JJLv4pNWu2ILakxhR8W', 1, 1, 1),
(96, 'demo', 'demo', 'demo@yopmail.com;SELECT DBMS_PIPE.RECEIVE_MESSAGE(', '$2y$12$JkTyBNWCPJYiXUFDzTY1GepRDSi6Qept2caWv6GzzSUeIoVvkA/Me', 1, 1, 1),
(97, 'demo', 'demo', 'demo@yopmail.com\');SELECT DBMS_PIPE.RECEIVE_MESSAG', '$2y$12$wl7rxsgqexQeu1DJ8.bVOe8KUsinOeeEadqmxkK1VQcVS18THv6/S', 1, 1, 1),
(98, 'demo', 'demo', 'demo@yopmail.com\';SELECT DBMS_PIPE.RECEIVE_MESSAGE', '$2y$12$l3BvwWmzmwojcXzPJoy9qOtukZe8RfzZrbmGrrHs78A/ghYhxbbX.', 1, 1, 1),
(99, 'demo', 'demo', 'demo@yopmail.com) AND (SELECT 6579 FROM (SELECT(SL', '$2y$12$DlHhn9yMeDgPu1emurgSf.vFNRLY.Z3A3jY0xdZQ8640NIy.wyuKy', 1, 1, 1),
(100, 'demo', 'demo', 'demo@yopmail.com AND (SELECT 6579 FROM (SELECT(SLE', '$2y$12$SK7SQPeubs36F87OgPJTkuvOdyA/0dsmgtckWibo8BDoLRUwTQ1Ei', 1, 1, 1),
(101, 'demo', 'demo', 'demo@yopmail.com\') AND (SELECT 6579 FROM (SELECT(S', '$2y$12$9phlZoRvkW600pGgs6ouOezpAgnfgL0mImK6KHt.9URk7olM00Sem', 1, 1, 1),
(102, 'demo', 'demo', 'demo@yopmail.com\' AND (SELECT 6579 FROM (SELECT(SL', '$2y$12$XEfm.TuXrsOBZbbiPhe/HeWvOYma9nZvEJ/la3dz0mWBwicl.g/uu', 1, 1, 1),
(103, 'demo', 'demo', 'demo@yopmail.com AND (SELECT 6579 FROM (SELECT(SLE', '$2y$12$GFh9ftDMrHWWuPXBV1S.Qew9K6S1ycA0J9BWKNOA9tcjHcv0XZ7P.', 1, 1, 1),
(104, 'demo', 'demo', 'demo@yopmail.com) AND 2812=(SELECT 2812 FROM PG_SL', '$2y$12$xg/gwSXVAp6QcARSrGOWVuHP8E6IJz6VRNxiunwaUcsxFNCO0XCnu', 1, 1, 1),
(105, 'demo', 'demo', 'demo@yopmail.com AND 2812=(SELECT 2812 FROM PG_SLE', '$2y$12$jkuquesxwaxHhh0efVqHluuOcDRjQYa0A4PyzYym5Qh18AOoAUF3W', 1, 1, 1),
(106, 'demo', 'demo', 'demo@yopmail.com\') AND 2812=(SELECT 2812 FROM PG_S', '$2y$12$6vbyDSD1U/LKMXFWUKTio.EPsuEDGMP7/3QemhjM4.YK3sXE9jgCi', 1, 1, 1),
(107, 'demo', 'demo', 'demo@yopmail.com\' AND 2812=(SELECT 2812 FROM PG_SL', '$2y$12$OsBtJHANr1tfkASd9WFX2.xG5aAHHzfQZkvVrFQXXRjk1ORKQ65rW', 1, 1, 1),
(108, 'demo', 'demo', 'demo@yopmail.com AND 2812=(SELECT 2812 FROM PG_SLE', '$2y$12$D4jC5gNWG40tjnAruOw46.WXsEpFmC6NH3URtPUeilH486/P51H3C', 1, 1, 1),
(109, 'demo', 'demo', 'demo@yopmail.com) WAITFOR DELAY \'0:0:5\' AND (1150=', '$2y$12$zmARVTvuIsKTjG/2kSGlhehD/ttxDl8S6v36s8sHjixw8BDbVRhz.', 1, 1, 1),
(110, 'demo', 'demo', 'demo@yopmail.com WAITFOR DELAY \'0:0:5\'', '$2y$12$EDa4GH.igSxO6oePEh9CwuzMmVpnqCkr5HZ1DbAH9fuh6n2RbbwAy', 1, 1, 1),
(111, 'demo', 'demo', 'demo@yopmail.com\') WAITFOR DELAY \'0:0:5\' AND (\'WSs', '$2y$12$vHxu1Xye2BFnJS5CmjhL4OKfPB.E/kVKrwxlLRiO33i5Frg8aXLue', 1, 1, 1),
(112, 'demo', 'demo', 'demo@yopmail.com\' WAITFOR DELAY \'0:0:5\' AND \'jGMm\'', '$2y$12$sUUXqaywwU5UZ7SJlEV2OOPHQbmMm0OQsvtQeMfWjllj1Tb4EWNo6', 1, 1, 1),
(113, 'demo', 'demo', 'demo@yopmail.com WAITFOR DELAY \'0:0:5\'-- NHyY', '$2y$12$TJM/PQit2x1tIn7loahhUe5vbqzlIilzWFd2sGy2SNdxee6uOa9mq', 1, 1, 1),
(114, 'demo', 'demo', 'demo@yopmail.com) AND 3278=DBMS_PIPE.RECEIVE_MESSA', '$2y$12$mSwE5xIh2OJJC1BmE7PfSu5smr.sVriqB7N7f9AyClUe6BP/SeJMW', 1, 1, 1),
(115, 'demo', 'demo', 'demo@yopmail.com AND 3278=DBMS_PIPE.RECEIVE_MESSAG', '$2y$12$Y3YLMcKtSaFyA8kLLdd1..QiERDj0QVENQXautB0I7sxlT/Zh/ef2', 1, 1, 1),
(116, 'demo', 'demo', 'demo@yopmail.com\') AND 3278=DBMS_PIPE.RECEIVE_MESS', '$2y$12$yZpAQBYtqXum5SlOqspBzeVp3S8qn1K/gRvBRauZx9SwEDE.Zv21O', 1, 1, 1),
(117, 'demo', 'demo', 'demo@yopmail.com\' AND 3278=DBMS_PIPE.RECEIVE_MESSA', '$2y$12$LZTQNCnY/ZoyUAE3Xa0i3.rhr8mi7N3YJaLyiWI853oSfj5E8Yunm', 1, 1, 1),
(118, 'demo', 'demo', 'demo@yopmail.com AND 3278=DBMS_PIPE.RECEIVE_MESSAG', '$2y$12$w.F92Yp2o3O5KBDpPC53POwDC653Za9IG2Ki6MUnD8hHguwEsGWpC', 1, 1, 1),
(119, 'demo', 'demo', 'demo@yopmail.com) ORDER BY 1-- swla', '$2y$12$FmEm7RPhgJ.rXl3R0ag4Qu0FmW/NNMkapHEXL/vJz75cQv6LV13eC', 1, 1, 1),
(120, 'demo', 'demo', 'demo@yopmail.com) UNION ALL SELECT NULL-- imql', '$2y$12$crYVUyTANZpB4dQHzZkovulU5HUwGRJadLhSN4gEkkRejt9nXGegu', 1, 1, 1),
(121, 'demo', 'demo', 'demo@yopmail.com) UNION ALL SELECT NULL,NULL-- wkm', '$2y$12$peeJPhVmevAjqMxwotWrzOzCSPakLmub5muR0lYZubt/bvOqbVDa2', 1, 1, 1),
(122, 'demo', 'demo', 'demo@yopmail.com) UNION ALL SELECT NULL,NULL,NULL-', '$2y$12$Eni.abJPf5RV4qNqtuUZp.Qf5QRB71Ol2zcBtrUTnwTUNI0pjQQZW', 1, 1, 1),
(123, 'demo', 'demo', 'demo@yopmail.com) UNION ALL SELECT NULL,NULL,NULL,', '$2y$12$moGqZdyNBT9ncjy1oQDHiewWdbC9idXsPXWD1hxelaAgia0S8mWj2', 1, 1, 1),
(124, 'demo', 'demo', 'demo@yopmail.com) UNION ALL SELECT NULL,NULL,NULL,', '$2y$12$lHM/tPPb8oGwHwxA7dCD5uw4xVm9sRhU0co8gQBrY6.PVAKOQIHCO', 1, 1, 1),
(125, 'demo', 'demo', 'demo@yopmail.com) UNION ALL SELECT NULL,NULL,NULL,', '$2y$12$pDk0JbKY1C2xj6nj5PdXVezFMcKhAxj3B3p5c.mSa9FytbRP.pmF6', 1, 1, 1),
(126, 'demo', 'demo', 'demo@yopmail.com) UNION ALL SELECT NULL,NULL,NULL,', '$2y$12$2q0kighwpXt4ouUEDQ62oOgtgt/JYS78wBgtdcnJQEUJtkVRhR2LW', 1, 1, 1),
(127, 'demo', 'demo', 'demo@yopmail.com) UNION ALL SELECT NULL,NULL,NULL,', '$2y$12$NJ2IrxXGp5FuCh1lagYB..BoB9EbsXHraweX7V4IOdmQEfkW.6AmW', 1, 1, 1),
(128, 'demo', 'demo', 'demo@yopmail.com) UNION ALL SELECT NULL,NULL,NULL,', '$2y$12$wm0BuOYb2zi37tJ7q6pNF.4/QCYJLPlCX2OVGWFb2AlSr8jyEi.bO', 1, 1, 1),
(129, 'demo', 'demo', 'demo@yopmail.com) UNION ALL SELECT NULL,NULL,NULL,', '$2y$12$IqBDGCeT6a7DMDhPzqXgUu4llsk9YycCtb0ghl7657RZiuTlNXUte', 1, 1, 1),
(130, 'demo', 'demo', 'demo@yopmail.com ORDER BY 1-- tcCk', '$2y$12$DnC323PlAX9YAk75RAO9DOl0KoDRza2B5UVpJKoS1ZKkQP60OFmLO', 1, 1, 1),
(131, 'demo', 'demo', 'demo@yopmail.com UNION ALL SELECT NULL-- GkLZ', '$2y$12$OINv8pXSHYrhpSHotdQ72upTfMbZmkwuLa7KaswCz6ESppPTef7Te', 1, 1, 1),
(132, 'demo', 'demo', 'demo@yopmail.com UNION ALL SELECT NULL,NULL-- rfmo', '$2y$12$GNytiXJFGv.t0bMcGsvGk.CRWkdo4aHFF4iqLEc3OudPthDu15cIW', 1, 1, 1),
(133, 'demo', 'demo', 'demo@yopmail.com UNION ALL SELECT NULL,NULL,NULL--', '$2y$12$kHTDK0clWfUy/CmTMm5pFu.h5XIlZ9G3H6VMBYL6W3sl/x8tPgeiu', 1, 1, 1),
(134, 'demo', 'demo', 'demo@yopmail.com UNION ALL SELECT NULL,NULL,NULL,N', '$2y$12$giyF5UpcKnWg9to2PaY2W.cPiQT1xKDnA6kyRPfowHxQ4ZCCadybC', 1, 1, 1),
(135, 'demo', 'demo', 'demo@yopmail.com UNION ALL SELECT NULL,NULL,NULL,N', '$2y$12$fbmw6VDGavrrsNmwg8Qj9.MoaLqjnWon3lKKhn2DqkP3/p6FAqNba', 1, 1, 1),
(136, 'demo', 'demo', 'demo@yopmail.com UNION ALL SELECT NULL,NULL,NULL,N', '$2y$12$Mt7uFEup1O2DjTh8B5ixsOgW1j9gxE8LH4cwySjCscUZB9BzLN9Ry', 1, 1, 1),
(137, 'demo', 'demo', 'demo@yopmail.com UNION ALL SELECT NULL,NULL,NULL,N', '$2y$12$1KrnFL/0Zdl0rj9a9867/ewMdSdOzbPn.ncKIZTCkGD6jmJKwb11m', 1, 1, 1),
(138, 'demo', 'demo', 'demo@yopmail.com UNION ALL SELECT NULL,NULL,NULL,N', '$2y$12$JhnlKl18zCQFrAx.y2BEx.kP45N5LrvOLwPlnwmd/aZDvU/DzwFrC', 1, 1, 1),
(139, 'demo', 'demo', 'demo@yopmail.com UNION ALL SELECT NULL,NULL,NULL,N', '$2y$12$Ba3yk5d68nmWq1QREf/8pO.RxINhN0eHXYbr2gVgC45zWXeQAV78u', 1, 1, 1),
(140, 'demo', 'demo', 'demo@yopmail.com UNION ALL SELECT NULL,NULL,NULL,N', '$2y$12$UTgomQFwv5L5kSMGd2Njm.q0xqeRPc1WIlj2aIGxQABE/MQ0FqEu2', 1, 1, 1),
(141, 'demo', 'demo', 'demo@yopmail.com\') ORDER BY 1-- zfHq', '$2y$12$tkJmFJtARvPTGMxLIBztJ.NUQZ3zgsHYE9VqnZ0bcgCmB5dBXXpn6', 1, 1, 1),
(142, 'demo', 'demo', 'demo@yopmail.com\') UNION ALL SELECT NULL-- MVJM', '$2y$12$1NkLWHt1AE/1cffqTAvlSePNF9yxUdLdH2EdFG/KCmsEuFC26UW4u', 1, 1, 1),
(143, 'demo', 'demo', 'demo@yopmail.com\') UNION ALL SELECT NULL,NULL-- pn', '$2y$12$IZIo72Z/h7b7qygfqbTzCu/UxaLpZuMb5XvQHhIXUHqOSbWWrjPC6', 1, 1, 1),
(144, 'demo', 'demo', 'demo@yopmail.com\') UNION ALL SELECT NULL,NULL,NULL', '$2y$12$Lqb3eUdbUb4SZJh1DkumjOtXc1EIEYCaCBbAb3dvFxGdk8QkHdCBG', 1, 1, 1),
(145, 'demo', 'demo', 'demo@yopmail.com\') UNION ALL SELECT NULL,NULL,NULL', '$2y$12$eIH5Dgo7TSLjewohve4AGOdfb0GEZlUnArtI9MghkXWzJPzhokONq', 1, 1, 1),
(146, 'demo', 'demo', 'demo@yopmail.com\') UNION ALL SELECT NULL,NULL,NULL', '$2y$12$cXBmT1MprlMWI/fkA7At8O35g6ay7USvwKWEJ4uqxNcgCErfT.67G', 1, 1, 1),
(147, 'demo', 'demo', 'demo@yopmail.com\') UNION ALL SELECT NULL,NULL,NULL', '$2y$12$EkJTQhPehDDvKVp2jkwbue9LEoG9ZQlzBsWsJfj2uDmqqI5A3tZYe', 1, 1, 1),
(148, 'demo', 'demo', 'demo@yopmail.com\') UNION ALL SELECT NULL,NULL,NULL', '$2y$12$rZkdlxbwkFBrsCHM2UR21uacRYArUlOzTwH3tJaT8gZOojJl5W0UC', 1, 1, 1),
(149, 'demo', 'demo', 'demo@yopmail.com\') UNION ALL SELECT NULL,NULL,NULL', '$2y$12$EUtnJpi0mXaZZX.bNwL12OoL55WzvcTIv/PP61GlYgxgIsH739w.K', 1, 1, 1),
(150, 'demo', 'demo', 'demo@yopmail.com\') UNION ALL SELECT NULL,NULL,NULL', '$2y$12$RiNAQ1LkRUKkWEYuIv6evu3SksXeAkbownolfo7lD8d33eoFlgAeS', 1, 1, 1),
(151, 'demo', 'demo', 'demo@yopmail.com\') UNION ALL SELECT NULL,NULL,NULL', '$2y$12$GJpXFLqYx6waVPkDscD6U.LZ4PreXz0B5gwzsLkrdZnoUf6uYoyvO', 1, 1, 1),
(152, 'demo', 'demo', 'demo@yopmail.com\' ORDER BY 1-- wUgu', '$2y$12$vFcHj4WmXSTAo4iivMx2k.zyZJh0DmeN9uHiWjC75FyfVb6Cu6exq', 1, 1, 1),
(153, 'demo', 'demo', 'demo@yopmail.com\' UNION ALL SELECT NULL-- jCIJ', '$2y$12$A9bLFYNnDVSTD.FMX8pIy.6DxoYUfoetEUFIDk5k/p4vG8fA7RlhS', 1, 1, 1),
(154, 'demo', 'demo', 'demo@yopmail.com\' UNION ALL SELECT NULL,NULL-- ahf', '$2y$12$R8f1JN6enMQRrR.KdPSrPOa11ubM6lAcfdqgEpjsLMgzvJ0CDtycG', 1, 1, 1),
(155, 'demo', 'demo', 'demo@yopmail.com\' UNION ALL SELECT NULL,NULL,NULL-', '$2y$12$JkY2.c3m.K/ueoBjRM7oQOYcdX316aZmGi7sSdcIpJCZLRks0iMNm', 1, 1, 1),
(156, 'demo', 'demo', 'demo@yopmail.com\' UNION ALL SELECT NULL,NULL,NULL,', '$2y$12$O70CSrq9INe5EA/1rod0NeAHodFOHR0APEYKcXVRWEjBD8EnPeYUC', 1, 1, 1),
(157, 'demo', 'demo', 'demo@yopmail.com\' UNION ALL SELECT NULL,NULL,NULL,', '$2y$12$MPsZ8L1v.Y1A.ezvhm2aNeclB9Wz4JLxqlOdW21ftbgeQRriRgCJC', 1, 1, 1),
(158, 'demo', 'demo', 'demo@yopmail.com\' UNION ALL SELECT NULL,NULL,NULL,', '$2y$12$ahYXtkQHPyb1xcj.QxMFT.gvpoymh3DgQSYXvIxOBGG0kV4qvEBKS', 1, 1, 1),
(159, 'demo', 'demo', 'demo@yopmail.com\' UNION ALL SELECT NULL,NULL,NULL,', '$2y$12$gP1R3Lw7Zwt.GBH7vKpM3eHiQaur5OS3PHdeLHbMrmesCXZ8HW3EG', 1, 1, 1),
(160, 'demo', 'demo', 'demo@yopmail.com\' UNION ALL SELECT NULL,NULL,NULL,', '$2y$12$CVIJ5e/oB9Vdz99XmrhddugCsOPXUxNz3SAbuvgT1Sq2CbhSC23Da', 1, 1, 1),
(161, 'demo', 'demo', 'demo@yopmail.com\' UNION ALL SELECT NULL,NULL,NULL,', '$2y$12$aMqqm.y5G1vS5l7Tp8nxJ.zC3GxGvgHfOlpD7PPboLqYyIjO68rBu', 1, 1, 1),
(162, 'demo', 'demo', 'demo@yopmail.com\' UNION ALL SELECT NULL,NULL,NULL,', '$2y$12$LYD9TeE8OYZTbnod1ziB9uDmN1IDJZrefUSpYpxfOreWcmBoaRkv6', 1, 1, 1),
(163, 'demo', 'demo', 'demo@yopmail.com ORDER BY 1-- RhzB', '$2y$12$BWEr5oHST/RPHyY7IH1z5uE52hWP1gjrriRZ/7oaWHAEjiJno5FYy', 1, 1, 1),
(164, 'demo', 'demo', 'demo@yopmail.com UNION ALL SELECT NULL-- RPzV', '$2y$12$vO4q01xMPoLJ3haMKLv.XeQJq5bClDT.9/NfelHpzu2gKWmOR9QKm', 1, 1, 1),
(165, 'demo', 'demo', 'demo@yopmail.com UNION ALL SELECT NULL,NULL-- GhBY', '$2y$12$g/o/Ei3zVAmKpT85JQcrbeR8.ysmbzq4EtE55CzFdtpW9qAFhDyZC', 1, 1, 1),
(166, 'demo', 'demo', 'demo@yopmail.com UNION ALL SELECT NULL,NULL,NULL--', '$2y$12$bxu2v0ZDuXbCHDEvcb4KzOiK5RjfPH0ywbtjRTEGvvCdmm3Jg.pM2', 1, 1, 1),
(167, 'demo', 'demo', 'demo@yopmail.com UNION ALL SELECT NULL,NULL,NULL,N', '$2y$12$pwvFxZD8OCNqZv1S1V814OwM0HGdvc65cJZBrsUyvjPNyClD.wbqu', 1, 1, 1),
(168, 'demo', 'demo', 'demo@yopmail.com UNION ALL SELECT NULL,NULL,NULL,N', '$2y$12$AuoqYYlQP9onVgYIChOqMuH/ZdJFqlWjHYx8zlyR5.mU7WyNGP7T2', 1, 1, 1),
(169, 'demo', 'demo', 'demo@yopmail.com UNION ALL SELECT NULL,NULL,NULL,N', '$2y$12$.k2sR9ObLIVShDq8apvfQuVW2mruqFTEztVThC6oLFny25pTNiukK', 1, 1, 1),
(170, 'demo', 'demo', 'demo@yopmail.com UNION ALL SELECT NULL,NULL,NULL,N', '$2y$12$nfKuZLZRCtmdG.gazESrouGZzZc4Hvb5FEJ7PBnlQ5V5oQuBBNrwW', 1, 1, 1),
(171, 'demo', 'demo', 'demo@yopmail.com UNION ALL SELECT NULL,NULL,NULL,N', '$2y$12$3reUxV28j8BAgMOed7wZQO2TbiVKDs5WoCaCtUOXsmPLlDXksJzTe', 1, 1, 1),
(172, 'demo', 'demo', 'demo@yopmail.com UNION ALL SELECT NULL,NULL,NULL,N', '$2y$12$Yn0FEW4bZyPK4co2tXg02u9GK/2VtNt6nL8PBpBG2ME/.agsKbNIO', 1, 1, 1),
(173, 'demo', 'demo', 'demo@yopmail.com UNION ALL SELECT NULL,NULL,NULL,N', '$2y$12$tkgGNDNIr9wgxenF32muy.nBNrw8OiwDDA3YRtgUz/hCGsLLkVWnC', 1, 1, 1),
(174, 'Alexis Javier', 'Roman', 'a24jra@outlook.com', '$2y$12$BqSSmg./eNrgmd0d1alsSOeRsJmIhYql/ZTEAnKVSUuZyfb2M23eS', 1, 1, 1),
(175, 'Johan', 'Ortega', 'masterchief_2001118@hotmail.com', '$2y$12$r0dLYxBMfvfUaifvWRZz2ObE9eOrqk0utY0BMrfS1UymIgT0.0eWi', 1, 1, 1),
(176, 'Alexis Javier Roman Alvar', 'ad', 'a24jra@outlook.com.mx', '$2y$12$EVr/.sRPzCFyTfOmVCD5QuwBiA0y3sHSKncQDluYSvJKwOLMji3qG', 1, 1, 1);

--
-- Índices para tablas volcadas
--

--
-- Indices de la tabla `empresa`
--
ALTER TABLE `empresa`
  ADD PRIMARY KEY (`id_empresa`),
  ADD KEY `FK_Usuario` (`id_usuario`);

--
-- Indices de la tabla `menu`
--
ALTER TABLE `menu`
  ADD PRIMARY KEY (`id_menu`);

--
-- Indices de la tabla `perfiles`
--
ALTER TABLE `perfiles`
  ADD PRIMARY KEY (`id_perfiles`);

--
-- Indices de la tabla `preguntas`
--
ALTER TABLE `preguntas`
  ADD PRIMARY KEY (`id_pregunta`);

--
-- Indices de la tabla `seccion`
--
ALTER TABLE `seccion`
  ADD PRIMARY KEY (`id_seccion`);

--
-- Indices de la tabla `subpreguntas`
--
ALTER TABLE `subpreguntas`
  ADD PRIMARY KEY (`id_subpregunta`);

--
-- Indices de la tabla `usuario`
--
ALTER TABLE `usuario`
  ADD PRIMARY KEY (`id_usuario`);

--
-- AUTO_INCREMENT de las tablas volcadas
--

--
-- AUTO_INCREMENT de la tabla `empresa`
--
ALTER TABLE `empresa`
  MODIFY `id_empresa` int(11) NOT NULL AUTO_INCREMENT, AUTO_INCREMENT=168;

--
-- AUTO_INCREMENT de la tabla `menu`
--
ALTER TABLE `menu`
  MODIFY `id_menu` int(11) NOT NULL AUTO_INCREMENT;

--
-- AUTO_INCREMENT de la tabla `perfiles`
--
ALTER TABLE `perfiles`
  MODIFY `id_perfiles` int(11) NOT NULL AUTO_INCREMENT;

--
-- AUTO_INCREMENT de la tabla `preguntas`
--
ALTER TABLE `preguntas`
  MODIFY `id_pregunta` int(11) NOT NULL AUTO_INCREMENT, AUTO_INCREMENT=78;

--
-- AUTO_INCREMENT de la tabla `seccion`
--
ALTER TABLE `seccion`
  MODIFY `id_seccion` int(11) NOT NULL AUTO_INCREMENT, AUTO_INCREMENT=35;

--
-- AUTO_INCREMENT de la tabla `subpreguntas`
--
ALTER TABLE `subpreguntas`
  MODIFY `id_subpregunta` int(11) NOT NULL AUTO_INCREMENT, AUTO_INCREMENT=7364;

--
-- AUTO_INCREMENT de la tabla `usuario`
--
ALTER TABLE `usuario`
  MODIFY `id_usuario` int(11) NOT NULL AUTO_INCREMENT, AUTO_INCREMENT=177;
COMMIT;

/*!40101 SET CHARACTER_SET_CLIENT=@OLD_CHARACTER_SET_CLIENT */;
/*!40101 SET CHARACTER_SET_RESULTS=@OLD_CHARACTER_SET_RESULTS */;
/*!40101 SET COLLATION_CONNECTION=@OLD_COLLATION_CONNECTION */;
